<annotation>
	<folder>beet</folder>
	<filename>IMG_20230514_155238_5.jpg</filename>
	<path>/beet/IMG_20230514_155238_5.jpg</path>
	<source>
		<database>Unspecified</database>
	</source>
	<size>
		<width>500</width>
		<height>500</height>
		<depth>3</depth>
	</size>
	<object>
		<name>beet</name>
		<pose>Unspecified</pose>
		<truncated>0</truncated>
		<difficult>0</difficult>
		<bndbox>
			<xmin>380</xmin>
			<ymin>452</ymin>
			<xmax>428</xmax>
			<ymax>491</ymax>
		</bndbox>
	</object>
	<object>
		<name>beet</name>
		<pose>Unspecified</pose>
		<truncated>0</truncated>
		<difficult>0</difficult>
		<bndbox>
			<xmin>198</xmin>
			<ymin>463</ymin>
			<xmax>222</xmax>
			<ymax>488</ymax>
		</bndbox>
	</object>
</annotation>