<annotation>
	<folder>beet</folder>
	<filename>IMG_20230514_155300_2.jpg</filename>
	<path>/beet/IMG_20230514_155300_2.jpg</path>
	<source>
		<database>Unspecified</database>
	</source>
	<size>
		<width>500</width>
		<height>500</height>
		<depth>3</depth>
	</size>
	<object>
		<name>beet</name>
		<pose>Unspecified</pose>
		<truncated>0</truncated>
		<difficult>0</difficult>
		<bndbox>
			<xmin>73</xmin>
			<ymin>427</ymin>
			<xmax>182</xmax>
			<ymax>482</ymax>
		</bndbox>
	</object>
	<object>
		<name>beet</name>
		<pose>Unspecified</pose>
		<truncated>0</truncated>
		<difficult>0</difficult>
		<bndbox>
			<xmin>349</xmin>
			<ymin>440</ymin>
			<xmax>401</xmax>
			<ymax>475</ymax>
		</bndbox>
	</object>
</annotation>