<annotation>
	<folder>beet</folder>
	<filename>IMG_20230514_155234_4.jpg</filename>
	<path>/beet/IMG_20230514_155234_4.jpg</path>
	<source>
		<database>Unspecified</database>
	</source>
	<size>
		<width>500</width>
		<height>500</height>
		<depth>3</depth>
	</size>
	<object>
		<name>beet</name>
		<pose>Unspecified</pose>
		<truncated>0</truncated>
		<difficult>0</difficult>
		<bndbox>
			<xmin>209</xmin>
			<ymin>273</ymin>
			<xmax>247</xmax>
			<ymax>310</ymax>
		</bndbox>
	</object>
	<object>
		<name>beet</name>
		<pose>Unspecified</pose>
		<truncated>0</truncated>
		<difficult>0</difficult>
		<bndbox>
			<xmin>471</xmin>
			<ymin>258</ymin>
			<xmax>500</xmax>
			<ymax>318</ymax>
		</bndbox>
	</object>
</annotation>