<annotation>
	<folder>beet</folder>
	<filename>IMG_20230514_155257_8.jpg</filename>
	<path>/beet/IMG_20230514_155257_8.jpg</path>
	<source>
		<database>Unspecified</database>
	</source>
	<size>
		<width>500</width>
		<height>500</height>
		<depth>3</depth>
	</size>
	<object>
		<name>beet</name>
		<pose>Unspecified</pose>
		<truncated>0</truncated>
		<difficult>0</difficult>
		<bndbox>
			<xmin>173</xmin>
			<ymin>54</ymin>
			<xmax>274</xmax>
			<ymax>108</ymax>
		</bndbox>
	</object>
	<object>
		<name>beet</name>
		<pose>Unspecified</pose>
		<truncated>0</truncated>
		<difficult>0</difficult>
		<bndbox>
			<xmin>0</xmin>
			<ymin>58</ymin>
			<xmax>24</xmax>
			<ymax>95</ymax>
		</bndbox>
	</object>
	<object>
		<name>beet</name>
		<pose>Unspecified</pose>
		<truncated>0</truncated>
		<difficult>0</difficult>
		<bndbox>
			<xmin>452</xmin>
			<ymin>75</ymin>
			<xmax>500</xmax>
			<ymax>117</ymax>
		</bndbox>
	</object>
</annotation>