<annotation>
	<folder>beet</folder>
	<filename>IMG_20230514_155216_8.jpg</filename>
	<path>/beet/IMG_20230514_155216_8.jpg</path>
	<source>
		<database>Unspecified</database>
	</source>
	<size>
		<width>500</width>
		<height>500</height>
		<depth>3</depth>
	</size>
	<object>
		<name>beet</name>
		<pose>Unspecified</pose>
		<truncated>0</truncated>
		<difficult>0</difficult>
		<bndbox>
			<xmin>263</xmin>
			<ymin>266</ymin>
			<xmax>325</xmax>
			<ymax>321</ymax>
		</bndbox>
	</object>
	<object>
		<name>beet</name>
		<pose>Unspecified</pose>
		<truncated>0</truncated>
		<difficult>0</difficult>
		<bndbox>
			<xmin>74</xmin>
			<ymin>235</ymin>
			<xmax>124</xmax>
			<ymax>306</ymax>
		</bndbox>
	</object>
</annotation>