<annotation>
	<folder>beet</folder>
	<filename>IMG_20230514_155415_7.jpg</filename>
	<path>/beet/IMG_20230514_155415_7.jpg</path>
	<source>
		<database>Unspecified</database>
	</source>
	<size>
		<width>500</width>
		<height>500</height>
		<depth>3</depth>
	</size>
	<object>
		<name>beet</name>
		<pose>Unspecified</pose>
		<truncated>0</truncated>
		<difficult>0</difficult>
		<bndbox>
			<xmin>111</xmin>
			<ymin>233</ymin>
			<xmax>146</xmax>
			<ymax>286</ymax>
		</bndbox>
	</object>
	<object>
		<name>beet</name>
		<pose>Unspecified</pose>
		<truncated>0</truncated>
		<difficult>0</difficult>
		<bndbox>
			<xmin>374</xmin>
			<ymin>208</ymin>
			<xmax>408</xmax>
			<ymax>247</ymax>
		</bndbox>
	</object>
</annotation>