<annotation>
	<folder>beet</folder>
	<filename>IMG_20230514_155309_8.jpg</filename>
	<path>/beet/IMG_20230514_155309_8.jpg</path>
	<source>
		<database>Unspecified</database>
	</source>
	<size>
		<width>500</width>
		<height>500</height>
		<depth>3</depth>
	</size>
	<object>
		<name>beet</name>
		<pose>Unspecified</pose>
		<truncated>0</truncated>
		<difficult>0</difficult>
		<bndbox>
			<xmin>105</xmin>
			<ymin>415</ymin>
			<xmax>177</xmax>
			<ymax>440</ymax>
		</bndbox>
	</object>
	<object>
		<name>beet</name>
		<pose>Unspecified</pose>
		<truncated>0</truncated>
		<difficult>0</difficult>
		<bndbox>
			<xmin>358</xmin>
			<ymin>402</ymin>
			<xmax>416</xmax>
			<ymax>473</ymax>
		</bndbox>
	</object>
</annotation>