<annotation>
	<folder>beet</folder>
	<filename>IMG_20230514_155225_4.jpg</filename>
	<path>/beet/IMG_20230514_155225_4.jpg</path>
	<source>
		<database>Unspecified</database>
	</source>
	<size>
		<width>500</width>
		<height>500</height>
		<depth>3</depth>
	</size>
	<object>
		<name>beet</name>
		<pose>Unspecified</pose>
		<truncated>0</truncated>
		<difficult>0</difficult>
		<bndbox>
			<xmin>317</xmin>
			<ymin>173</ymin>
			<xmax>414</xmax>
			<ymax>228</ymax>
		</bndbox>
	</object>
	<object>
		<name>beet</name>
		<pose>Unspecified</pose>
		<truncated>0</truncated>
		<difficult>0</difficult>
		<bndbox>
			<xmin>97</xmin>
			<ymin>194</ymin>
			<xmax>153</xmax>
			<ymax>225</ymax>
		</bndbox>
	</object>
</annotation>