<annotation>
	<folder>beet</folder>
	<filename>IMG_20230514_155335_1.jpg</filename>
	<path>/beet/IMG_20230514_155335_1.jpg</path>
	<source>
		<database>Unspecified</database>
	</source>
	<size>
		<width>500</width>
		<height>500</height>
		<depth>3</depth>
	</size>
	<object>
		<name>beet</name>
		<pose>Unspecified</pose>
		<truncated>0</truncated>
		<difficult>0</difficult>
		<bndbox>
			<xmin>240</xmin>
			<ymin>340</ymin>
			<xmax>351</xmax>
			<ymax>422</ymax>
		</bndbox>
	</object>
	<object>
		<name>beet</name>
		<pose>Unspecified</pose>
		<truncated>0</truncated>
		<difficult>0</difficult>
		<bndbox>
			<xmin>29</xmin>
			<ymin>380</ymin>
			<xmax>79</xmax>
			<ymax>415</ymax>
		</bndbox>
	</object>
</annotation>