<annotation>
	<folder>beet</folder>
	<filename>IMG_20230514_155411_10.jpg</filename>
	<path>/beet/IMG_20230514_155411_10.jpg</path>
	<source>
		<database>Unspecified</database>
	</source>
	<size>
		<width>500</width>
		<height>500</height>
		<depth>3</depth>
	</size>
	<object>
		<name>beet</name>
		<pose>Unspecified</pose>
		<truncated>0</truncated>
		<difficult>0</difficult>
		<bndbox>
			<xmin>352</xmin>
			<ymin>388</ymin>
			<xmax>397</xmax>
			<ymax>438</ymax>
		</bndbox>
	</object>
	<object>
		<name>beet</name>
		<pose>Unspecified</pose>
		<truncated>0</truncated>
		<difficult>0</difficult>
		<bndbox>
			<xmin>177</xmin>
			<ymin>382</ymin>
			<xmax>224</xmax>
			<ymax>427</ymax>
		</bndbox>
	</object>
</annotation>