<annotation>
	<folder>beet</folder>
	<filename>IMG_20230514_155303_8.jpg</filename>
	<path>/beet/IMG_20230514_155303_8.jpg</path>
	<source>
		<database>Unspecified</database>
	</source>
	<size>
		<width>500</width>
		<height>500</height>
		<depth>3</depth>
	</size>
	<object>
		<name>beet</name>
		<pose>Unspecified</pose>
		<truncated>0</truncated>
		<difficult>0</difficult>
		<bndbox>
			<xmin>239</xmin>
			<ymin>32</ymin>
			<xmax>290</xmax>
			<ymax>104</ymax>
		</bndbox>
	</object>
	<object>
		<name>beet</name>
		<pose>Unspecified</pose>
		<truncated>0</truncated>
		<difficult>0</difficult>
		<bndbox>
			<xmin>453</xmin>
			<ymin>44</ymin>
			<xmax>500</xmax>
			<ymax>104</ymax>
		</bndbox>
	</object>
</annotation>