<annotation>
	<folder>beet</folder>
	<filename>IMG_20230514_155335_2.jpg</filename>
	<path>/beet/IMG_20230514_155335_2.jpg</path>
	<source>
		<database>Unspecified</database>
	</source>
	<size>
		<width>500</width>
		<height>500</height>
		<depth>3</depth>
	</size>
	<object>
		<name>beet</name>
		<pose>Unspecified</pose>
		<truncated>0</truncated>
		<difficult>0</difficult>
		<bndbox>
			<xmin>278</xmin>
			<ymin>369</ymin>
			<xmax>325</xmax>
			<ymax>397</ymax>
		</bndbox>
	</object>
	<object>
		<name>beet</name>
		<pose>Unspecified</pose>
		<truncated>0</truncated>
		<difficult>0</difficult>
		<bndbox>
			<xmin>59</xmin>
			<ymin>367</ymin>
			<xmax>105</xmax>
			<ymax>429</ymax>
		</bndbox>
	</object>
</annotation>