<annotation>
	<folder>beet</folder>
	<filename>IMG_20230514_155403_8.jpg</filename>
	<path>/beet/IMG_20230514_155403_8.jpg</path>
	<source>
		<database>Unspecified</database>
	</source>
	<size>
		<width>500</width>
		<height>500</height>
		<depth>3</depth>
	</size>
	<object>
		<name>beet</name>
		<pose>Unspecified</pose>
		<truncated>0</truncated>
		<difficult>0</difficult>
		<bndbox>
			<xmin>296</xmin>
			<ymin>428</ymin>
			<xmax>372</xmax>
			<ymax>487</ymax>
		</bndbox>
	</object>
	<object>
		<name>beet</name>
		<pose>Unspecified</pose>
		<truncated>0</truncated>
		<difficult>0</difficult>
		<bndbox>
			<xmin>44</xmin>
			<ymin>415</ymin>
			<xmax>87</xmax>
			<ymax>464</ymax>
		</bndbox>
	</object>
</annotation>