<annotation>
	<folder>beet</folder>
	<filename>IMG_20230514_155337_10.jpg</filename>
	<path>/beet/IMG_20230514_155337_10.jpg</path>
	<source>
		<database>Unspecified</database>
	</source>
	<size>
		<width>500</width>
		<height>500</height>
		<depth>3</depth>
	</size>
	<object>
		<name>beet</name>
		<pose>Unspecified</pose>
		<truncated>0</truncated>
		<difficult>0</difficult>
		<bndbox>
			<xmin>116</xmin>
			<ymin>8</ymin>
			<xmax>141</xmax>
			<ymax>65</ymax>
		</bndbox>
	</object>
	<object>
		<name>beet</name>
		<pose>Unspecified</pose>
		<truncated>0</truncated>
		<difficult>0</difficult>
		<bndbox>
			<xmin>338</xmin>
			<ymin>26</ymin>
			<xmax>362</xmax>
			<ymax>73</ymax>
		</bndbox>
	</object>
</annotation>