<annotation>
	<folder>beet</folder>
	<filename>IMG_20230514_155411_7.jpg</filename>
	<path>/beet/IMG_20230514_155411_7.jpg</path>
	<source>
		<database>Unspecified</database>
	</source>
	<size>
		<width>500</width>
		<height>500</height>
		<depth>3</depth>
	</size>
	<object>
		<name>beet</name>
		<pose>Unspecified</pose>
		<truncated>0</truncated>
		<difficult>0</difficult>
		<bndbox>
			<xmin>183</xmin>
			<ymin>269</ymin>
			<xmax>252</xmax>
			<ymax>318</ymax>
		</bndbox>
	</object>
	<object>
		<name>beet</name>
		<pose>Unspecified</pose>
		<truncated>0</truncated>
		<difficult>0</difficult>
		<bndbox>
			<xmin>0</xmin>
			<ymin>285</ymin>
			<xmax>25</xmax>
			<ymax>324</ymax>
		</bndbox>
	</object>
</annotation>