<annotation>
	<folder>beet</folder>
	<filename>IMG_20230514_155320_2.jpg</filename>
	<path>/beet/IMG_20230514_155320_2.jpg</path>
	<source>
		<database>Unspecified</database>
	</source>
	<size>
		<width>500</width>
		<height>500</height>
		<depth>3</depth>
	</size>
	<object>
		<name>beet</name>
		<pose>Unspecified</pose>
		<truncated>0</truncated>
		<difficult>0</difficult>
		<bndbox>
			<xmin>54</xmin>
			<ymin>32</ymin>
			<xmax>99</xmax>
			<ymax>77</ymax>
		</bndbox>
	</object>
	<object>
		<name>beet</name>
		<pose>Unspecified</pose>
		<truncated>0</truncated>
		<difficult>0</difficult>
		<bndbox>
			<xmin>314</xmin>
			<ymin>35</ymin>
			<xmax>363</xmax>
			<ymax>77</ymax>
		</bndbox>
	</object>
</annotation>