<annotation>
	<folder>beet</folder>
	<filename>IMG_20230514_155243_11.jpg</filename>
	<path>/beet/IMG_20230514_155243_11.jpg</path>
	<source>
		<database>Unspecified</database>
	</source>
	<size>
		<width>500</width>
		<height>500</height>
		<depth>3</depth>
	</size>
	<object>
		<name>beet</name>
		<pose>Unspecified</pose>
		<truncated>0</truncated>
		<difficult>0</difficult>
		<bndbox>
			<xmin>98</xmin>
			<ymin>0</ymin>
			<xmax>147</xmax>
			<ymax>34</ymax>
		</bndbox>
	</object>
	<object>
		<name>beet</name>
		<pose>Unspecified</pose>
		<truncated>0</truncated>
		<difficult>0</difficult>
		<bndbox>
			<xmin>280</xmin>
			<ymin>0</ymin>
			<xmax>322</xmax>
			<ymax>26</ymax>
		</bndbox>
	</object>
</annotation>