<annotation>
	<folder>beet</folder>
	<filename>IMG_20230514_155257_2.jpg</filename>
	<path>/beet/IMG_20230514_155257_2.jpg</path>
	<source>
		<database>Unspecified</database>
	</source>
	<size>
		<width>500</width>
		<height>500</height>
		<depth>3</depth>
	</size>
	<object>
		<name>beet</name>
		<pose>Unspecified</pose>
		<truncated>0</truncated>
		<difficult>0</difficult>
		<bndbox>
			<xmin>109</xmin>
			<ymin>412</ymin>
			<xmax>144</xmax>
			<ymax>472</ymax>
		</bndbox>
	</object>
	<object>
		<name>beet</name>
		<pose>Unspecified</pose>
		<truncated>0</truncated>
		<difficult>0</difficult>
		<bndbox>
			<xmin>429</xmin>
			<ymin>427</ymin>
			<xmax>474</xmax>
			<ymax>474</ymax>
		</bndbox>
	</object>
</annotation>