<annotation>
	<folder>beet</folder>
	<filename>IMG_20230514_155303_11.jpg</filename>
	<path>/beet/IMG_20230514_155303_11.jpg</path>
	<source>
		<database>Unspecified</database>
	</source>
	<size>
		<width>500</width>
		<height>500</height>
		<depth>3</depth>
	</size>
	<object>
		<name>beet</name>
		<pose>Unspecified</pose>
		<truncated>0</truncated>
		<difficult>0</difficult>
		<bndbox>
			<xmin>306</xmin>
			<ymin>47</ymin>
			<xmax>380</xmax>
			<ymax>97</ymax>
		</bndbox>
	</object>
	<object>
		<name>beet</name>
		<pose>Unspecified</pose>
		<truncated>0</truncated>
		<difficult>0</difficult>
		<bndbox>
			<xmin>35</xmin>
			<ymin>35</ymin>
			<xmax>136</xmax>
			<ymax>93</ymax>
		</bndbox>
	</object>
</annotation>