<annotation>
	<folder>beet</folder>
	<filename>IMG_20230514_155403_11.jpg</filename>
	<path>/beet/IMG_20230514_155403_11.jpg</path>
	<source>
		<database>Unspecified</database>
	</source>
	<size>
		<width>500</width>
		<height>500</height>
		<depth>3</depth>
	</size>
	<object>
		<name>beet</name>
		<pose>Unspecified</pose>
		<truncated>0</truncated>
		<difficult>0</difficult>
		<bndbox>
			<xmin>63</xmin>
			<ymin>408</ymin>
			<xmax>101</xmax>
			<ymax>472</ymax>
		</bndbox>
	</object>
	<object>
		<name>beet</name>
		<pose>Unspecified</pose>
		<truncated>0</truncated>
		<difficult>0</difficult>
		<bndbox>
			<xmin>335</xmin>
			<ymin>436</ymin>
			<xmax>445</xmax>
			<ymax>500</ymax>
		</bndbox>
	</object>
</annotation>