<annotation>
	<folder>beet</folder>
	<filename>IMG_20230514_155313_3.jpg</filename>
	<path>/beet/IMG_20230514_155313_3.jpg</path>
	<source>
		<database>Unspecified</database>
	</source>
	<size>
		<width>500</width>
		<height>500</height>
		<depth>3</depth>
	</size>
	<object>
		<name>beet</name>
		<pose>Unspecified</pose>
		<truncated>0</truncated>
		<difficult>0</difficult>
		<bndbox>
			<xmin>307</xmin>
			<ymin>74</ymin>
			<xmax>342</xmax>
			<ymax>111</ymax>
		</bndbox>
	</object>
	<object>
		<name>beet</name>
		<pose>Unspecified</pose>
		<truncated>0</truncated>
		<difficult>0</difficult>
		<bndbox>
			<xmin>18</xmin>
			<ymin>103</ymin>
			<xmax>65</xmax>
			<ymax>126</ymax>
		</bndbox>
	</object>
</annotation>