<annotation>
	<folder>beet</folder>
	<filename>IMG_20230514_155234_2.jpg</filename>
	<path>/beet/IMG_20230514_155234_2.jpg</path>
	<source>
		<database>Unspecified</database>
	</source>
	<size>
		<width>500</width>
		<height>500</height>
		<depth>3</depth>
	</size>
	<object>
		<name>beet</name>
		<pose>Unspecified</pose>
		<truncated>0</truncated>
		<difficult>0</difficult>
		<bndbox>
			<xmin>244</xmin>
			<ymin>47</ymin>
			<xmax>342</xmax>
			<ymax>112</ymax>
		</bndbox>
	</object>
	<object>
		<name>beet</name>
		<pose>Unspecified</pose>
		<truncated>0</truncated>
		<difficult>0</difficult>
		<bndbox>
			<xmin>0</xmin>
			<ymin>52</ymin>
			<xmax>38</xmax>
			<ymax>116</ymax>
		</bndbox>
	</object>
</annotation>