<annotation>
	<folder>beet</folder>
	<filename>IMG_20230514_155401_9.jpg</filename>
	<path>/beet/IMG_20230514_155401_9.jpg</path>
	<source>
		<database>Unspecified</database>
	</source>
	<size>
		<width>500</width>
		<height>500</height>
		<depth>3</depth>
	</size>
	<object>
		<name>beet</name>
		<pose>Unspecified</pose>
		<truncated>0</truncated>
		<difficult>0</difficult>
		<bndbox>
			<xmin>19</xmin>
			<ymin>404</ymin>
			<xmax>75</xmax>
			<ymax>478</ymax>
		</bndbox>
	</object>
	<object>
		<name>beet</name>
		<pose>Unspecified</pose>
		<truncated>0</truncated>
		<difficult>0</difficult>
		<bndbox>
			<xmin>292</xmin>
			<ymin>404</ymin>
			<xmax>345</xmax>
			<ymax>446</ymax>
		</bndbox>
	</object>
</annotation>