<annotation>
	<folder>beet</folder>
	<filename>IMG_20230514_155300_3.jpg</filename>
	<path>/beet/IMG_20230514_155300_3.jpg</path>
	<source>
		<database>Unspecified</database>
	</source>
	<size>
		<width>500</width>
		<height>500</height>
		<depth>3</depth>
	</size>
	<object>
		<name>beet</name>
		<pose>Unspecified</pose>
		<truncated>0</truncated>
		<difficult>0</difficult>
		<bndbox>
			<xmin>92</xmin>
			<ymin>419</ymin>
			<xmax>183</xmax>
			<ymax>471</ymax>
		</bndbox>
	</object>
	<object>
		<name>beet</name>
		<pose>Unspecified</pose>
		<truncated>0</truncated>
		<difficult>0</difficult>
		<bndbox>
			<xmin>316</xmin>
			<ymin>438</ymin>
			<xmax>349</xmax>
			<ymax>493</ymax>
		</bndbox>
	</object>
</annotation>