<annotation>
	<folder>beet</folder>
	<filename>IMG_20230514_155216_10.jpg</filename>
	<path>/beet/IMG_20230514_155216_10.jpg</path>
	<source>
		<database>Unspecified</database>
	</source>
	<size>
		<width>500</width>
		<height>500</height>
		<depth>3</depth>
	</size>
	<object>
		<name>beet</name>
		<pose>Unspecified</pose>
		<truncated>0</truncated>
		<difficult>0</difficult>
		<bndbox>
			<xmin>231</xmin>
			<ymin>333</ymin>
			<xmax>315</xmax>
			<ymax>386</ymax>
		</bndbox>
	</object>
	<object>
		<name>beet</name>
		<pose>Unspecified</pose>
		<truncated>0</truncated>
		<difficult>0</difficult>
		<bndbox>
			<xmin>35</xmin>
			<ymin>326</ymin>
			<xmax>95</xmax>
			<ymax>367</ymax>
		</bndbox>
	</object>
	<object>
		<name>beet</name>
		<pose>Unspecified</pose>
		<truncated>0</truncated>
		<difficult>0</difficult>
		<bndbox>
			<xmin>470</xmin>
			<ymin>373</ymin>
			<xmax>500</xmax>
			<ymax>407</ymax>
		</bndbox>
	</object>
</annotation>