<annotation>
	<folder>beet</folder>
	<filename>IMG_20230514_155411_5.jpg</filename>
	<path>/beet/IMG_20230514_155411_5.jpg</path>
	<source>
		<database>Unspecified</database>
	</source>
	<size>
		<width>500</width>
		<height>500</height>
		<depth>3</depth>
	</size>
	<object>
		<name>beet</name>
		<pose>Unspecified</pose>
		<truncated>0</truncated>
		<difficult>0</difficult>
		<bndbox>
			<xmin>225</xmin>
			<ymin>272</ymin>
			<xmax>238</xmax>
			<ymax>329</ymax>
		</bndbox>
	</object>
	<object>
		<name>beet</name>
		<pose>Unspecified</pose>
		<truncated>0</truncated>
		<difficult>0</difficult>
		<bndbox>
			<xmin>452</xmin>
			<ymin>260</ymin>
			<xmax>480</xmax>
			<ymax>294</ymax>
		</bndbox>
	</object>
</annotation>