<annotation>
	<folder>beet</folder>
	<filename>IMG_20230514_155401_3.jpg</filename>
	<path>/beet/IMG_20230514_155401_3.jpg</path>
	<source>
		<database>Unspecified</database>
	</source>
	<size>
		<width>500</width>
		<height>500</height>
		<depth>3</depth>
	</size>
	<object>
		<name>beet</name>
		<pose>Unspecified</pose>
		<truncated>0</truncated>
		<difficult>0</difficult>
		<bndbox>
			<xmin>174</xmin>
			<ymin>170</ymin>
			<xmax>216</xmax>
			<ymax>227</ymax>
		</bndbox>
	</object>
	<object>
		<name>beet</name>
		<pose>Unspecified</pose>
		<truncated>0</truncated>
		<difficult>0</difficult>
		<bndbox>
			<xmin>458</xmin>
			<ymin>158</ymin>
			<xmax>500</xmax>
			<ymax>210</ymax>
		</bndbox>
	</object>
</annotation>