<annotation>
	<folder>beet</folder>
	<filename>IMG_20230514_155240_1.jpg</filename>
	<path>/beet/IMG_20230514_155240_1.jpg</path>
	<source>
		<database>Unspecified</database>
	</source>
	<size>
		<width>500</width>
		<height>500</height>
		<depth>3</depth>
	</size>
	<object>
		<name>beet</name>
		<pose>Unspecified</pose>
		<truncated>0</truncated>
		<difficult>0</difficult>
		<bndbox>
			<xmin>100</xmin>
			<ymin>383</ymin>
			<xmax>147</xmax>
			<ymax>423</ymax>
		</bndbox>
	</object>
	<object>
		<name>beet</name>
		<pose>Unspecified</pose>
		<truncated>0</truncated>
		<difficult>0</difficult>
		<bndbox>
			<xmin>369</xmin>
			<ymin>364</ymin>
			<xmax>416</xmax>
			<ymax>415</ymax>
		</bndbox>
	</object>
</annotation>