<annotation>
	<folder>beet</folder>
	<filename>IMG_20230514_155331_2.jpg</filename>
	<path>/beet/IMG_20230514_155331_2.jpg</path>
	<source>
		<database>Unspecified</database>
	</source>
	<size>
		<width>500</width>
		<height>500</height>
		<depth>3</depth>
	</size>
	<object>
		<name>beet</name>
		<pose>Unspecified</pose>
		<truncated>0</truncated>
		<difficult>0</difficult>
		<bndbox>
			<xmin>152</xmin>
			<ymin>354</ymin>
			<xmax>228</xmax>
			<ymax>405</ymax>
		</bndbox>
	</object>
	<object>
		<name>beet</name>
		<pose>Unspecified</pose>
		<truncated>0</truncated>
		<difficult>0</difficult>
		<bndbox>
			<xmin>459</xmin>
			<ymin>365</ymin>
			<xmax>500</xmax>
			<ymax>415</ymax>
		</bndbox>
	</object>
</annotation>