<annotation>
	<folder>beet</folder>
	<filename>IMG_20230514_155230_5.jpg</filename>
	<path>/beet/IMG_20230514_155230_5.jpg</path>
	<source>
		<database>Unspecified</database>
	</source>
	<size>
		<width>500</width>
		<height>500</height>
		<depth>3</depth>
	</size>
	<object>
		<name>beet</name>
		<pose>Unspecified</pose>
		<truncated>0</truncated>
		<difficult>0</difficult>
		<bndbox>
			<xmin>54</xmin>
			<ymin>234</ymin>
			<xmax>125</xmax>
			<ymax>278</ymax>
		</bndbox>
	</object>
	<object>
		<name>beet</name>
		<pose>Unspecified</pose>
		<truncated>0</truncated>
		<difficult>0</difficult>
		<bndbox>
			<xmin>308</xmin>
			<ymin>256</ymin>
			<xmax>354</xmax>
			<ymax>283</ymax>
		</bndbox>
	</object>
</annotation>