<annotation>
	<folder>beet</folder>
	<filename>IMG_20230514_155339_9.jpg</filename>
	<path>/beet/IMG_20230514_155339_9.jpg</path>
	<source>
		<database>Unspecified</database>
	</source>
	<size>
		<width>500</width>
		<height>500</height>
		<depth>3</depth>
	</size>
	<object>
		<name>beet</name>
		<pose>Unspecified</pose>
		<truncated>0</truncated>
		<difficult>0</difficult>
		<bndbox>
			<xmin>353</xmin>
			<ymin>54</ymin>
			<xmax>413</xmax>
			<ymax>120</ymax>
		</bndbox>
	</object>
	<object>
		<name>beet</name>
		<pose>Unspecified</pose>
		<truncated>0</truncated>
		<difficult>0</difficult>
		<bndbox>
			<xmin>108</xmin>
			<ymin>85</ymin>
			<xmax>177</xmax>
			<ymax>104</ymax>
		</bndbox>
	</object>
</annotation>