<annotation>
	<folder>beet</folder>
	<filename>IMG_20230514_155306_6.jpg</filename>
	<path>/beet/IMG_20230514_155306_6.jpg</path>
	<source>
		<database>Unspecified</database>
	</source>
	<size>
		<width>500</width>
		<height>500</height>
		<depth>3</depth>
	</size>
	<object>
		<name>beet</name>
		<pose>Unspecified</pose>
		<truncated>0</truncated>
		<difficult>0</difficult>
		<bndbox>
			<xmin>263</xmin>
			<ymin>200</ymin>
			<xmax>329</xmax>
			<ymax>250</ymax>
		</bndbox>
	</object>
	<object>
		<name>beet</name>
		<pose>Unspecified</pose>
		<truncated>0</truncated>
		<difficult>0</difficult>
		<bndbox>
			<xmin>0</xmin>
			<ymin>194</ymin>
			<xmax>95</xmax>
			<ymax>245</ymax>
		</bndbox>
	</object>
</annotation>