<annotation>
	<folder>beet</folder>
	<filename>IMG_20230514_155351_3.jpg</filename>
	<path>/beet/IMG_20230514_155351_3.jpg</path>
	<source>
		<database>Unspecified</database>
	</source>
	<size>
		<width>500</width>
		<height>500</height>
		<depth>3</depth>
	</size>
	<object>
		<name>beet</name>
		<pose>Unspecified</pose>
		<truncated>0</truncated>
		<difficult>0</difficult>
		<bndbox>
			<xmin>247</xmin>
			<ymin>108</ymin>
			<xmax>331</xmax>
			<ymax>151</ymax>
		</bndbox>
	</object>
	<object>
		<name>beet</name>
		<pose>Unspecified</pose>
		<truncated>0</truncated>
		<difficult>0</difficult>
		<bndbox>
			<xmin>58</xmin>
			<ymin>116</ymin>
			<xmax>120</xmax>
			<ymax>157</ymax>
		</bndbox>
	</object>
</annotation>