<annotation>
	<folder>beet</folder>
	<filename>IMG_20230514_155417_1.jpg</filename>
	<path>/beet/IMG_20230514_155417_1.jpg</path>
	<source>
		<database>Unspecified</database>
	</source>
	<size>
		<width>500</width>
		<height>500</height>
		<depth>3</depth>
	</size>
	<object>
		<name>beet</name>
		<pose>Unspecified</pose>
		<truncated>0</truncated>
		<difficult>0</difficult>
		<bndbox>
			<xmin>315</xmin>
			<ymin>215</ymin>
			<xmax>370</xmax>
			<ymax>286</ymax>
		</bndbox>
	</object>
	<object>
		<name>beet</name>
		<pose>Unspecified</pose>
		<truncated>0</truncated>
		<difficult>0</difficult>
		<bndbox>
			<xmin>38</xmin>
			<ymin>233</ymin>
			<xmax>85</xmax>
			<ymax>306</ymax>
		</bndbox>
	</object>
</annotation>