<annotation>
	<folder>beet</folder>
	<filename>IMG_20230514_155415_0.jpg</filename>
	<path>/beet/IMG_20230514_155415_0.jpg</path>
	<source>
		<database>Unspecified</database>
	</source>
	<size>
		<width>500</width>
		<height>500</height>
		<depth>3</depth>
	</size>
	<object>
		<name>beet</name>
		<pose>Unspecified</pose>
		<truncated>0</truncated>
		<difficult>0</difficult>
		<bndbox>
			<xmin>116</xmin>
			<ymin>169</ymin>
			<xmax>181</xmax>
			<ymax>237</ymax>
		</bndbox>
	</object>
	<object>
		<name>beet</name>
		<pose>Unspecified</pose>
		<truncated>0</truncated>
		<difficult>0</difficult>
		<bndbox>
			<xmin>394</xmin>
			<ymin>145</ymin>
			<xmax>452</xmax>
			<ymax>218</ymax>
		</bndbox>
	</object>
</annotation>