<annotation>
	<folder>beet</folder>
	<filename>IMG_20230514_155236_0.jpg</filename>
	<path>/beet/IMG_20230514_155236_0.jpg</path>
	<source>
		<database>Unspecified</database>
	</source>
	<size>
		<width>500</width>
		<height>500</height>
		<depth>3</depth>
	</size>
	<object>
		<name>beet</name>
		<pose>Unspecified</pose>
		<truncated>0</truncated>
		<difficult>0</difficult>
		<bndbox>
			<xmin>177</xmin>
			<ymin>32</ymin>
			<xmax>242</xmax>
			<ymax>81</ymax>
		</bndbox>
	</object>
	<object>
		<name>beet</name>
		<pose>Unspecified</pose>
		<truncated>0</truncated>
		<difficult>0</difficult>
		<bndbox>
			<xmin>485</xmin>
			<ymin>43</ymin>
			<xmax>500</xmax>
			<ymax>67</ymax>
		</bndbox>
	</object>
</annotation>