<annotation>
	<folder>beet</folder>
	<filename>IMG_20230514_155236_7.jpg</filename>
	<path>/beet/IMG_20230514_155236_7.jpg</path>
	<source>
		<database>Unspecified</database>
	</source>
	<size>
		<width>500</width>
		<height>500</height>
		<depth>3</depth>
	</size>
	<object>
		<name>beet</name>
		<pose>Unspecified</pose>
		<truncated>0</truncated>
		<difficult>0</difficult>
		<bndbox>
			<xmin>226</xmin>
			<ymin>169</ymin>
			<xmax>288</xmax>
			<ymax>226</ymax>
		</bndbox>
	</object>
	<object>
		<name>beet</name>
		<pose>Unspecified</pose>
		<truncated>0</truncated>
		<difficult>0</difficult>
		<bndbox>
			<xmin>0</xmin>
			<ymin>172</ymin>
			<xmax>36</xmax>
			<ymax>214</ymax>
		</bndbox>
	</object>
</annotation>