<annotation>
	<folder>beet</folder>
	<filename>IMG_20230514_155408_0.jpg</filename>
	<path>/beet/IMG_20230514_155408_0.jpg</path>
	<source>
		<database>Unspecified</database>
	</source>
	<size>
		<width>500</width>
		<height>500</height>
		<depth>3</depth>
	</size>
	<object>
		<name>beet</name>
		<pose>Unspecified</pose>
		<truncated>0</truncated>
		<difficult>0</difficult>
		<bndbox>
			<xmin>103</xmin>
			<ymin>239</ymin>
			<xmax>152</xmax>
			<ymax>300</ymax>
		</bndbox>
	</object>
	<object>
		<name>beet</name>
		<pose>Unspecified</pose>
		<truncated>0</truncated>
		<difficult>0</difficult>
		<bndbox>
			<xmin>329</xmin>
			<ymin>226</ymin>
			<xmax>371</xmax>
			<ymax>271</ymax>
		</bndbox>
	</object>
</annotation>