<annotation>
	<folder>beet</folder>
	<filename>IMG_20230514_155351_8.jpg</filename>
	<path>/beet/IMG_20230514_155351_8.jpg</path>
	<source>
		<database>Unspecified</database>
	</source>
	<size>
		<width>500</width>
		<height>500</height>
		<depth>3</depth>
	</size>
	<object>
		<name>beet</name>
		<pose>Unspecified</pose>
		<truncated>0</truncated>
		<difficult>0</difficult>
		<bndbox>
			<xmin>208</xmin>
			<ymin>266</ymin>
			<xmax>265</xmax>
			<ymax>329</ymax>
		</bndbox>
	</object>
	<object>
		<name>beet</name>
		<pose>Unspecified</pose>
		<truncated>0</truncated>
		<difficult>0</difficult>
		<bndbox>
			<xmin>448</xmin>
			<ymin>260</ymin>
			<xmax>500</xmax>
			<ymax>304</ymax>
		</bndbox>
	</object>
</annotation>