<annotation>
	<folder>beet</folder>
	<filename>IMG_20230514_155319_5.jpg</filename>
	<path>/beet/IMG_20230514_155319_5.jpg</path>
	<source>
		<database>Unspecified</database>
	</source>
	<size>
		<width>500</width>
		<height>500</height>
		<depth>3</depth>
	</size>
	<object>
		<name>beet</name>
		<pose>Unspecified</pose>
		<truncated>0</truncated>
		<difficult>0</difficult>
		<bndbox>
			<xmin>101</xmin>
			<ymin>159</ymin>
			<xmax>150</xmax>
			<ymax>196</ymax>
		</bndbox>
	</object>
	<object>
		<name>beet</name>
		<pose>Unspecified</pose>
		<truncated>0</truncated>
		<difficult>0</difficult>
		<bndbox>
			<xmin>428</xmin>
			<ymin>157</ymin>
			<xmax>450</xmax>
			<ymax>187</ymax>
		</bndbox>
	</object>
</annotation>