<annotation>
	<folder>beet</folder>
	<filename>IMG_20230514_155306_2.jpg</filename>
	<path>/beet/IMG_20230514_155306_2.jpg</path>
	<source>
		<database>Unspecified</database>
	</source>
	<size>
		<width>500</width>
		<height>500</height>
		<depth>3</depth>
	</size>
	<object>
		<name>beet</name>
		<pose>Unspecified</pose>
		<truncated>0</truncated>
		<difficult>0</difficult>
		<bndbox>
			<xmin>117</xmin>
			<ymin>29</ymin>
			<xmax>229</xmax>
			<ymax>89</ymax>
		</bndbox>
	</object>
	<object>
		<name>beet</name>
		<pose>Unspecified</pose>
		<truncated>0</truncated>
		<difficult>0</difficult>
		<bndbox>
			<xmin>403</xmin>
			<ymin>49</ymin>
			<xmax>456</xmax>
			<ymax>93</ymax>
		</bndbox>
	</object>
</annotation>