<annotation>
	<folder>beet</folder>
	<filename>IMG_20230514_155413_3.jpg</filename>
	<path>/beet/IMG_20230514_155413_3.jpg</path>
	<source>
		<database>Unspecified</database>
	</source>
	<size>
		<width>500</width>
		<height>500</height>
		<depth>3</depth>
	</size>
	<object>
		<name>beet</name>
		<pose>Unspecified</pose>
		<truncated>0</truncated>
		<difficult>0</difficult>
		<bndbox>
			<xmin>296</xmin>
			<ymin>119</ymin>
			<xmax>355</xmax>
			<ymax>177</ymax>
		</bndbox>
	</object>
	<object>
		<name>beet</name>
		<pose>Unspecified</pose>
		<truncated>0</truncated>
		<difficult>0</difficult>
		<bndbox>
			<xmin>0</xmin>
			<ymin>137</ymin>
			<xmax>26</xmax>
			<ymax>177</ymax>
		</bndbox>
	</object>
</annotation>