<annotation>
	<folder>beet</folder>
	<filename>IMG_20230514_155311_9.jpg</filename>
	<path>/beet/IMG_20230514_155311_9.jpg</path>
	<source>
		<database>Unspecified</database>
	</source>
	<size>
		<width>500</width>
		<height>500</height>
		<depth>3</depth>
	</size>
	<object>
		<name>beet</name>
		<pose>Unspecified</pose>
		<truncated>0</truncated>
		<difficult>0</difficult>
		<bndbox>
			<xmin>374</xmin>
			<ymin>395</ymin>
			<xmax>403</xmax>
			<ymax>448</ymax>
		</bndbox>
	</object>
	<object>
		<name>beet</name>
		<pose>Unspecified</pose>
		<truncated>0</truncated>
		<difficult>0</difficult>
		<bndbox>
			<xmin>138</xmin>
			<ymin>380</ymin>
			<xmax>171</xmax>
			<ymax>437</ymax>
		</bndbox>
	</object>
</annotation>