<annotation>
	<folder>beet</folder>
	<filename>IMG_20230514_155251_2.jpg</filename>
	<path>/beet/IMG_20230514_155251_2.jpg</path>
	<source>
		<database>Unspecified</database>
	</source>
	<size>
		<width>500</width>
		<height>500</height>
		<depth>3</depth>
	</size>
	<object>
		<name>beet</name>
		<pose>Unspecified</pose>
		<truncated>0</truncated>
		<difficult>0</difficult>
		<bndbox>
			<xmin>81</xmin>
			<ymin>363</ymin>
			<xmax>137</xmax>
			<ymax>413</ymax>
		</bndbox>
	</object>
	<object>
		<name>beet</name>
		<pose>Unspecified</pose>
		<truncated>0</truncated>
		<difficult>0</difficult>
		<bndbox>
			<xmin>325</xmin>
			<ymin>399</ymin>
			<xmax>372</xmax>
			<ymax>421</ymax>
		</bndbox>
	</object>
</annotation>