<annotation>
	<folder>beet</folder>
	<filename>IMG_20230514_155230_7.jpg</filename>
	<path>/beet/IMG_20230514_155230_7.jpg</path>
	<source>
		<database>Unspecified</database>
	</source>
	<size>
		<width>500</width>
		<height>500</height>
		<depth>3</depth>
	</size>
	<object>
		<name>beet</name>
		<pose>Unspecified</pose>
		<truncated>0</truncated>
		<difficult>0</difficult>
		<bndbox>
			<xmin>279</xmin>
			<ymin>206</ymin>
			<xmax>372</xmax>
			<ymax>272</ymax>
		</bndbox>
	</object>
	<object>
		<name>beet</name>
		<pose>Unspecified</pose>
		<truncated>0</truncated>
		<difficult>0</difficult>
		<bndbox>
			<xmin>59</xmin>
			<ymin>231</ymin>
			<xmax>97</xmax>
			<ymax>270</ymax>
		</bndbox>
	</object>
</annotation>