<annotation>
	<folder>beet</folder>
	<filename>IMG_20230514_155303_9.jpg</filename>
	<path>/beet/IMG_20230514_155303_9.jpg</path>
	<source>
		<database>Unspecified</database>
	</source>
	<size>
		<width>500</width>
		<height>500</height>
		<depth>3</depth>
	</size>
	<object>
		<name>beet</name>
		<pose>Unspecified</pose>
		<truncated>0</truncated>
		<difficult>0</difficult>
		<bndbox>
			<xmin>241</xmin>
			<ymin>34</ymin>
			<xmax>291</xmax>
			<ymax>90</ymax>
		</bndbox>
	</object>
	<object>
		<name>beet</name>
		<pose>Unspecified</pose>
		<truncated>0</truncated>
		<difficult>0</difficult>
		<bndbox>
			<xmin>0</xmin>
			<ymin>46</ymin>
			<xmax>27</xmax>
			<ymax>97</ymax>
		</bndbox>
	</object>
</annotation>