<annotation>
	<folder>beet</folder>
	<filename>IMG_20230514_155329_1.jpg</filename>
	<path>/beet/IMG_20230514_155329_1.jpg</path>
	<source>
		<database>Unspecified</database>
	</source>
	<size>
		<width>500</width>
		<height>500</height>
		<depth>3</depth>
	</size>
	<object>
		<name>beet</name>
		<pose>Unspecified</pose>
		<truncated>0</truncated>
		<difficult>0</difficult>
		<bndbox>
			<xmin>10</xmin>
			<ymin>351</ymin>
			<xmax>92</xmax>
			<ymax>402</ymax>
		</bndbox>
	</object>
	<object>
		<name>beet</name>
		<pose>Unspecified</pose>
		<truncated>0</truncated>
		<difficult>0</difficult>
		<bndbox>
			<xmin>335</xmin>
			<ymin>362</ymin>
			<xmax>384</xmax>
			<ymax>411</ymax>
		</bndbox>
	</object>
</annotation>