<annotation>
	<folder>beet</folder>
	<filename>IMG_20230514_155408_1.jpg</filename>
	<path>/beet/IMG_20230514_155408_1.jpg</path>
	<source>
		<database>Unspecified</database>
	</source>
	<size>
		<width>500</width>
		<height>500</height>
		<depth>3</depth>
	</size>
	<object>
		<name>beet</name>
		<pose>Unspecified</pose>
		<truncated>0</truncated>
		<difficult>0</difficult>
		<bndbox>
			<xmin>106</xmin>
			<ymin>199</ymin>
			<xmax>147</xmax>
			<ymax>262</ymax>
		</bndbox>
	</object>
	<object>
		<name>beet</name>
		<pose>Unspecified</pose>
		<truncated>0</truncated>
		<difficult>0</difficult>
		<bndbox>
			<xmin>321</xmin>
			<ymin>206</ymin>
			<xmax>355</xmax>
			<ymax>255</ymax>
		</bndbox>
	</object>
</annotation>