<annotation>
	<folder>beet</folder>
	<filename>IMG_20230514_155232_6.jpg</filename>
	<path>/beet/IMG_20230514_155232_6.jpg</path>
	<source>
		<database>Unspecified</database>
	</source>
	<size>
		<width>500</width>
		<height>500</height>
		<depth>3</depth>
	</size>
	<object>
		<name>beet</name>
		<pose>Unspecified</pose>
		<truncated>0</truncated>
		<difficult>0</difficult>
		<bndbox>
			<xmin>159</xmin>
			<ymin>140</ymin>
			<xmax>204</xmax>
			<ymax>178</ymax>
		</bndbox>
	</object>
	<object>
		<name>beet</name>
		<pose>Unspecified</pose>
		<truncated>0</truncated>
		<difficult>0</difficult>
		<bndbox>
			<xmin>392</xmin>
			<ymin>117</ymin>
			<xmax>473</xmax>
			<ymax>183</ymax>
		</bndbox>
	</object>
</annotation>