<annotation>
	<folder>beet</folder>
	<filename>IMG_20230514_155230_10.jpg</filename>
	<path>/beet/IMG_20230514_155230_10.jpg</path>
	<source>
		<database>Unspecified</database>
	</source>
	<size>
		<width>500</width>
		<height>500</height>
		<depth>3</depth>
	</size>
	<object>
		<name>beet</name>
		<pose>Unspecified</pose>
		<truncated>0</truncated>
		<difficult>0</difficult>
		<bndbox>
			<xmin>163</xmin>
			<ymin>343</ymin>
			<xmax>240</xmax>
			<ymax>407</ymax>
		</bndbox>
	</object>
	<object>
		<name>beet</name>
		<pose>Unspecified</pose>
		<truncated>0</truncated>
		<difficult>0</difficult>
		<bndbox>
			<xmin>476</xmin>
			<ymin>356</ymin>
			<xmax>500</xmax>
			<ymax>409</ymax>
		</bndbox>
	</object>
</annotation>