<annotation>
	<folder>beet</folder>
	<filename>IMG_20230514_155311_2.jpg</filename>
	<path>/beet/IMG_20230514_155311_2.jpg</path>
	<source>
		<database>Unspecified</database>
	</source>
	<size>
		<width>500</width>
		<height>500</height>
		<depth>3</depth>
	</size>
	<object>
		<name>beet</name>
		<pose>Unspecified</pose>
		<truncated>0</truncated>
		<difficult>0</difficult>
		<bndbox>
			<xmin>54</xmin>
			<ymin>53</ymin>
			<xmax>99</xmax>
			<ymax>101</ymax>
		</bndbox>
	</object>
	<object>
		<name>beet</name>
		<pose>Unspecified</pose>
		<truncated>0</truncated>
		<difficult>0</difficult>
		<bndbox>
			<xmin>319</xmin>
			<ymin>36</ymin>
			<xmax>392</xmax>
			<ymax>96</ymax>
		</bndbox>
	</object>
</annotation>