<annotation>
	<folder>beet</folder>
	<filename>IMG_20230514_155309_10.jpg</filename>
	<path>/beet/IMG_20230514_155309_10.jpg</path>
	<source>
		<database>Unspecified</database>
	</source>
	<size>
		<width>500</width>
		<height>500</height>
		<depth>3</depth>
	</size>
	<object>
		<name>beet</name>
		<pose>Unspecified</pose>
		<truncated>0</truncated>
		<difficult>0</difficult>
		<bndbox>
			<xmin>214</xmin>
			<ymin>361</ymin>
			<xmax>244</xmax>
			<ymax>421</ymax>
		</bndbox>
	</object>
	<object>
		<name>beet</name>
		<pose>Unspecified</pose>
		<truncated>0</truncated>
		<difficult>0</difficult>
		<bndbox>
			<xmin>444</xmin>
			<ymin>378</ymin>
			<xmax>474</xmax>
			<ymax>427</ymax>
		</bndbox>
	</object>
</annotation>