<annotation>
	<folder>beet</folder>
	<filename>IMG_20230514_155358_11.jpg</filename>
	<path>/beet/IMG_20230514_155358_11.jpg</path>
	<source>
		<database>Unspecified</database>
	</source>
	<size>
		<width>500</width>
		<height>500</height>
		<depth>3</depth>
	</size>
	<object>
		<name>beet</name>
		<pose>Unspecified</pose>
		<truncated>0</truncated>
		<difficult>0</difficult>
		<bndbox>
			<xmin>207</xmin>
			<ymin>385</ymin>
			<xmax>303</xmax>
			<ymax>453</ymax>
		</bndbox>
	</object>
	<object>
		<name>beet</name>
		<pose>Unspecified</pose>
		<truncated>0</truncated>
		<difficult>0</difficult>
		<bndbox>
			<xmin>0</xmin>
			<ymin>382</ymin>
			<xmax>40</xmax>
			<ymax>428</ymax>
		</bndbox>
	</object>
	<object>
		<name>beet</name>
		<pose>Unspecified</pose>
		<truncated>0</truncated>
		<difficult>0</difficult>
		<bndbox>
			<xmin>452</xmin>
			<ymin>387</ymin>
			<xmax>500</xmax>
			<ymax>437</ymax>
		</bndbox>
	</object>
</annotation>