<annotation>
	<folder>beet</folder>
	<filename>IMG_20230514_155317_7.jpg</filename>
	<path>/beet/IMG_20230514_155317_7.jpg</path>
	<source>
		<database>Unspecified</database>
	</source>
	<size>
		<width>500</width>
		<height>500</height>
		<depth>3</depth>
	</size>
	<object>
		<name>beet</name>
		<pose>Unspecified</pose>
		<truncated>0</truncated>
		<difficult>0</difficult>
		<bndbox>
			<xmin>207</xmin>
			<ymin>176</ymin>
			<xmax>258</xmax>
			<ymax>215</ymax>
		</bndbox>
	</object>
	<object>
		<name>beet</name>
		<pose>Unspecified</pose>
		<truncated>0</truncated>
		<difficult>0</difficult>
		<bndbox>
			<xmin>483</xmin>
			<ymin>175</ymin>
			<xmax>500</xmax>
			<ymax>206</ymax>
		</bndbox>
	</object>
</annotation>