<annotation>
	<folder>beet</folder>
	<filename>IMG_20230514_155230_2.jpg</filename>
	<path>/beet/IMG_20230514_155230_2.jpg</path>
	<source>
		<database>Unspecified</database>
	</source>
	<size>
		<width>500</width>
		<height>500</height>
		<depth>3</depth>
	</size>
	<object>
		<name>beet</name>
		<pose>Unspecified</pose>
		<truncated>0</truncated>
		<difficult>0</difficult>
		<bndbox>
			<xmin>5</xmin>
			<ymin>70</ymin>
			<xmax>91</xmax>
			<ymax>128</ymax>
		</bndbox>
	</object>
	<object>
		<name>beet</name>
		<pose>Unspecified</pose>
		<truncated>0</truncated>
		<difficult>0</difficult>
		<bndbox>
			<xmin>303</xmin>
			<ymin>86</ymin>
			<xmax>353</xmax>
			<ymax>126</ymax>
		</bndbox>
	</object>
</annotation>