<annotation>
	<folder>beet</folder>
	<filename>IMG_20230514_155337_8.jpg</filename>
	<path>/beet/IMG_20230514_155337_8.jpg</path>
	<source>
		<database>Unspecified</database>
	</source>
	<size>
		<width>500</width>
		<height>500</height>
		<depth>3</depth>
	</size>
	<object>
		<name>beet</name>
		<pose>Unspecified</pose>
		<truncated>0</truncated>
		<difficult>0</difficult>
		<bndbox>
			<xmin>287</xmin>
			<ymin>59</ymin>
			<xmax>350</xmax>
			<ymax>125</ymax>
		</bndbox>
	</object>
	<object>
		<name>beet</name>
		<pose>Unspecified</pose>
		<truncated>0</truncated>
		<difficult>0</difficult>
		<bndbox>
			<xmin>44</xmin>
			<ymin>81</ymin>
			<xmax>118</xmax>
			<ymax>104</ymax>
		</bndbox>
	</object>
</annotation>