<annotation>
	<folder>beet</folder>
	<filename>IMG_20230514_155417_2.jpg</filename>
	<path>/beet/IMG_20230514_155417_2.jpg</path>
	<source>
		<database>Unspecified</database>
	</source>
	<size>
		<width>500</width>
		<height>500</height>
		<depth>3</depth>
	</size>
	<object>
		<name>beet</name>
		<pose>Unspecified</pose>
		<truncated>0</truncated>
		<difficult>0</difficult>
		<bndbox>
			<xmin>308</xmin>
			<ymin>214</ymin>
			<xmax>349</xmax>
			<ymax>250</ymax>
		</bndbox>
	</object>
	<object>
		<name>beet</name>
		<pose>Unspecified</pose>
		<truncated>0</truncated>
		<difficult>0</difficult>
		<bndbox>
			<xmin>32</xmin>
			<ymin>236</ymin>
			<xmax>77</xmax>
			<ymax>255</ymax>
		</bndbox>
	</object>
</annotation>