<annotation>
	<folder>beet</folder>
	<filename>IMG_20230514_155230_3.jpg</filename>
	<path>/beet/IMG_20230514_155230_3.jpg</path>
	<source>
		<database>Unspecified</database>
	</source>
	<size>
		<width>500</width>
		<height>500</height>
		<depth>3</depth>
	</size>
	<object>
		<name>beet</name>
		<pose>Unspecified</pose>
		<truncated>0</truncated>
		<difficult>0</difficult>
		<bndbox>
			<xmin>301</xmin>
			<ymin>66</ymin>
			<xmax>353</xmax>
			<ymax>121</ymax>
		</bndbox>
	</object>
	<object>
		<name>beet</name>
		<pose>Unspecified</pose>
		<truncated>0</truncated>
		<difficult>0</difficult>
		<bndbox>
			<xmin>8</xmin>
			<ymin>81</ymin>
			<xmax>71</xmax>
			<ymax>130</ymax>
		</bndbox>
	</object>
</annotation>