<annotation>
	<folder>beet</folder>
	<filename>IMG_20230514_155403_4.jpg</filename>
	<path>/beet/IMG_20230514_155403_4.jpg</path>
	<source>
		<database>Unspecified</database>
	</source>
	<size>
		<width>500</width>
		<height>500</height>
		<depth>3</depth>
	</size>
	<object>
		<name>beet</name>
		<pose>Unspecified</pose>
		<truncated>0</truncated>
		<difficult>0</difficult>
		<bndbox>
			<xmin>122</xmin>
			<ymin>325</ymin>
			<xmax>186</xmax>
			<ymax>374</ymax>
		</bndbox>
	</object>
	<object>
		<name>beet</name>
		<pose>Unspecified</pose>
		<truncated>0</truncated>
		<difficult>0</difficult>
		<bndbox>
			<xmin>327</xmin>
			<ymin>322</ymin>
			<xmax>372</xmax>
			<ymax>368</ymax>
		</bndbox>
	</object>
</annotation>