<annotation>
	<folder>beet</folder>
	<filename>IMG_20230514_155325_1.jpg</filename>
	<path>/beet/IMG_20230514_155325_1.jpg</path>
	<source>
		<database>Unspecified</database>
	</source>
	<size>
		<width>500</width>
		<height>500</height>
		<depth>3</depth>
	</size>
	<object>
		<name>beet</name>
		<pose>Unspecified</pose>
		<truncated>0</truncated>
		<difficult>0</difficult>
		<bndbox>
			<xmin>356</xmin>
			<ymin>364</ymin>
			<xmax>409</xmax>
			<ymax>403</ymax>
		</bndbox>
	</object>
	<object>
		<name>beet</name>
		<pose>Unspecified</pose>
		<truncated>0</truncated>
		<difficult>0</difficult>
		<bndbox>
			<xmin>48</xmin>
			<ymin>379</ymin>
			<xmax>95</xmax>
			<ymax>419</ymax>
		</bndbox>
	</object>
</annotation>