<annotation>
	<folder>beet</folder>
	<filename>IMG_20230514_155303_1.jpg</filename>
	<path>/beet/IMG_20230514_155303_1.jpg</path>
	<source>
		<database>Unspecified</database>
	</source>
	<size>
		<width>500</width>
		<height>500</height>
		<depth>3</depth>
	</size>
	<object>
		<name>beet</name>
		<pose>Unspecified</pose>
		<truncated>0</truncated>
		<difficult>0</difficult>
		<bndbox>
			<xmin>136</xmin>
			<ymin>392</ymin>
			<xmax>226</xmax>
			<ymax>435</ymax>
		</bndbox>
	</object>
	<object>
		<name>beet</name>
		<pose>Unspecified</pose>
		<truncated>0</truncated>
		<difficult>0</difficult>
		<bndbox>
			<xmin>377</xmin>
			<ymin>389</ymin>
			<xmax>409</xmax>
			<ymax>440</ymax>
		</bndbox>
	</object>
</annotation>