<annotation>
	<folder>beet</folder>
	<filename>IMG_20230514_155309_6.jpg</filename>
	<path>/beet/IMG_20230514_155309_6.jpg</path>
	<source>
		<database>Unspecified</database>
	</source>
	<size>
		<width>500</width>
		<height>500</height>
		<depth>3</depth>
	</size>
	<object>
		<name>beet</name>
		<pose>Unspecified</pose>
		<truncated>0</truncated>
		<difficult>0</difficult>
		<bndbox>
			<xmin>233</xmin>
			<ymin>222</ymin>
			<xmax>272</xmax>
			<ymax>251</ymax>
		</bndbox>
	</object>
	<object>
		<name>beet</name>
		<pose>Unspecified</pose>
		<truncated>0</truncated>
		<difficult>0</difficult>
		<bndbox>
			<xmin>448</xmin>
			<ymin>202</ymin>
			<xmax>500</xmax>
			<ymax>261</ymax>
		</bndbox>
	</object>
</annotation>