<annotation>
	<folder>beet</folder>
	<filename>IMG_20230514_155243_1.jpg</filename>
	<path>/beet/IMG_20230514_155243_1.jpg</path>
	<source>
		<database>Unspecified</database>
	</source>
	<size>
		<width>500</width>
		<height>500</height>
		<depth>3</depth>
	</size>
	<object>
		<name>beet</name>
		<pose>Unspecified</pose>
		<truncated>0</truncated>
		<difficult>0</difficult>
		<bndbox>
			<xmin>241</xmin>
			<ymin>410</ymin>
			<xmax>280</xmax>
			<ymax>446</ymax>
		</bndbox>
	</object>
	<object>
		<name>beet</name>
		<pose>Unspecified</pose>
		<truncated>0</truncated>
		<difficult>0</difficult>
		<bndbox>
			<xmin>0</xmin>
			<ymin>392</ymin>
			<xmax>56</xmax>
			<ymax>440</ymax>
		</bndbox>
	</object>
	<object>
		<name>beet</name>
		<pose>Unspecified</pose>
		<truncated>0</truncated>
		<difficult>0</difficult>
		<bndbox>
			<xmin>458</xmin>
			<ymin>384</ymin>
			<xmax>500</xmax>
			<ymax>433</ymax>
		</bndbox>
	</object>
</annotation>