<annotation>
	<folder>beet</folder>
	<filename>IMG_20230514_155358_1.jpg</filename>
	<path>/beet/IMG_20230514_155358_1.jpg</path>
	<source>
		<database>Unspecified</database>
	</source>
	<size>
		<width>500</width>
		<height>500</height>
		<depth>3</depth>
	</size>
	<object>
		<name>beet</name>
		<pose>Unspecified</pose>
		<truncated>0</truncated>
		<difficult>0</difficult>
		<bndbox>
			<xmin>71</xmin>
			<ymin>193</ymin>
			<xmax>101</xmax>
			<ymax>228</ymax>
		</bndbox>
	</object>
	<object>
		<name>beet</name>
		<pose>Unspecified</pose>
		<truncated>0</truncated>
		<difficult>0</difficult>
		<bndbox>
			<xmin>380</xmin>
			<ymin>186</ymin>
			<xmax>411</xmax>
			<ymax>213</ymax>
		</bndbox>
	</object>
</annotation>