<annotation>
	<folder>beet</folder>
	<filename>IMG_20230514_155351_10.jpg</filename>
	<path>/beet/IMG_20230514_155351_10.jpg</path>
	<source>
		<database>Unspecified</database>
	</source>
	<size>
		<width>500</width>
		<height>500</height>
		<depth>3</depth>
	</size>
	<object>
		<name>beet</name>
		<pose>Unspecified</pose>
		<truncated>0</truncated>
		<difficult>0</difficult>
		<bndbox>
			<xmin>171</xmin>
			<ymin>248</ymin>
			<xmax>218</xmax>
			<ymax>288</ymax>
		</bndbox>
	</object>
	<object>
		<name>beet</name>
		<pose>Unspecified</pose>
		<truncated>0</truncated>
		<difficult>0</difficult>
		<bndbox>
			<xmin>440</xmin>
			<ymin>223</ymin>
			<xmax>481</xmax>
			<ymax>278</ymax>
		</bndbox>
	</object>
</annotation>