<annotation>
	<folder>beet</folder>
	<filename>IMG_20230514_155320_0.jpg</filename>
	<path>/beet/IMG_20230514_155320_0.jpg</path>
	<source>
		<database>Unspecified</database>
	</source>
	<size>
		<width>500</width>
		<height>500</height>
		<depth>3</depth>
	</size>
	<object>
		<name>beet</name>
		<pose>Unspecified</pose>
		<truncated>0</truncated>
		<difficult>0</difficult>
		<bndbox>
			<xmin>198</xmin>
			<ymin>0</ymin>
			<xmax>293</xmax>
			<ymax>60</ymax>
		</bndbox>
	</object>
	<object>
		<name>beet</name>
		<pose>Unspecified</pose>
		<truncated>0</truncated>
		<difficult>0</difficult>
		<bndbox>
			<xmin>0</xmin>
			<ymin>40</ymin>
			<xmax>21</xmax>
			<ymax>66</ymax>
		</bndbox>
	</object>
</annotation>