<annotation>
	<folder>beet</folder>
	<filename>IMG_20230514_155230_0.jpg</filename>
	<path>/beet/IMG_20230514_155230_0.jpg</path>
	<source>
		<database>Unspecified</database>
	</source>
	<size>
		<width>500</width>
		<height>500</height>
		<depth>3</depth>
	</size>
	<object>
		<name>beet</name>
		<pose>Unspecified</pose>
		<truncated>0</truncated>
		<difficult>0</difficult>
		<bndbox>
			<xmin>22</xmin>
			<ymin>110</ymin>
			<xmax>71</xmax>
			<ymax>156</ymax>
		</bndbox>
	</object>
	<object>
		<name>beet</name>
		<pose>Unspecified</pose>
		<truncated>0</truncated>
		<difficult>0</difficult>
		<bndbox>
			<xmin>321</xmin>
			<ymin>79</ymin>
			<xmax>365</xmax>
			<ymax>138</ymax>
		</bndbox>
	</object>
</annotation>