<annotation>
	<folder>beet</folder>
	<filename>IMG_20230514_155356_7.jpg</filename>
	<path>/beet/IMG_20230514_155356_7.jpg</path>
	<source>
		<database>Unspecified</database>
	</source>
	<size>
		<width>500</width>
		<height>500</height>
		<depth>3</depth>
	</size>
	<object>
		<name>beet</name>
		<pose>Unspecified</pose>
		<truncated>0</truncated>
		<difficult>0</difficult>
		<bndbox>
			<xmin>191</xmin>
			<ymin>252</ymin>
			<xmax>239</xmax>
			<ymax>300</ymax>
		</bndbox>
	</object>
	<object>
		<name>beet</name>
		<pose>Unspecified</pose>
		<truncated>0</truncated>
		<difficult>0</difficult>
		<bndbox>
			<xmin>458</xmin>
			<ymin>225</ymin>
			<xmax>483</xmax>
			<ymax>261</ymax>
		</bndbox>
	</object>
</annotation>