<annotation>
	<folder>beet</folder>
	<filename>IMG_20230514_155232_10.jpg</filename>
	<path>/beet/IMG_20230514_155232_10.jpg</path>
	<source>
		<database>Unspecified</database>
	</source>
	<size>
		<width>500</width>
		<height>500</height>
		<depth>3</depth>
	</size>
	<object>
		<name>beet</name>
		<pose>Unspecified</pose>
		<truncated>0</truncated>
		<difficult>0</difficult>
		<bndbox>
			<xmin>248</xmin>
			<ymin>286</ymin>
			<xmax>292</xmax>
			<ymax>317</ymax>
		</bndbox>
	</object>
	<object>
		<name>beet</name>
		<pose>Unspecified</pose>
		<truncated>0</truncated>
		<difficult>0</difficult>
		<bndbox>
			<xmin>69</xmin>
			<ymin>278</ymin>
			<xmax>118</xmax>
			<ymax>326</ymax>
		</bndbox>
	</object>
</annotation>