<annotation>
	<folder>beet</folder>
	<filename>IMG_20230514_155248_1.jpg</filename>
	<path>/beet/IMG_20230514_155248_1.jpg</path>
	<source>
		<database>Unspecified</database>
	</source>
	<size>
		<width>500</width>
		<height>500</height>
		<depth>3</depth>
	</size>
	<object>
		<name>beet</name>
		<pose>Unspecified</pose>
		<truncated>0</truncated>
		<difficult>0</difficult>
		<bndbox>
			<xmin>55</xmin>
			<ymin>340</ymin>
			<xmax>125</xmax>
			<ymax>387</ymax>
		</bndbox>
	</object>
	<object>
		<name>beet</name>
		<pose>Unspecified</pose>
		<truncated>0</truncated>
		<difficult>0</difficult>
		<bndbox>
			<xmin>315</xmin>
			<ymin>382</ymin>
			<xmax>360</xmax>
			<ymax>401</ymax>
		</bndbox>
	</object>
</annotation>