<annotation>
	<folder>beet</folder>
	<filename>IMG_20230514_155234_7.jpg</filename>
	<path>/beet/IMG_20230514_155234_7.jpg</path>
	<source>
		<database>Unspecified</database>
	</source>
	<size>
		<width>500</width>
		<height>500</height>
		<depth>3</depth>
	</size>
	<object>
		<name>beet</name>
		<pose>Unspecified</pose>
		<truncated>0</truncated>
		<difficult>0</difficult>
		<bndbox>
			<xmin>306</xmin>
			<ymin>247</ymin>
			<xmax>360</xmax>
			<ymax>292</ymax>
		</bndbox>
	</object>
	<object>
		<name>beet</name>
		<pose>Unspecified</pose>
		<truncated>0</truncated>
		<difficult>0</difficult>
		<bndbox>
			<xmin>11</xmin>
			<ymin>263</ymin>
			<xmax>71</xmax>
			<ymax>310</ymax>
		</bndbox>
	</object>
</annotation>