<annotation>
	<folder>beet</folder>
	<filename>IMG_20230514_155227_0.jpg</filename>
	<path>/beet/IMG_20230514_155227_0.jpg</path>
	<source>
		<database>Unspecified</database>
	</source>
	<size>
		<width>500</width>
		<height>500</height>
		<depth>3</depth>
	</size>
	<object>
		<name>beet</name>
		<pose>Unspecified</pose>
		<truncated>0</truncated>
		<difficult>0</difficult>
		<bndbox>
			<xmin>333</xmin>
			<ymin>26</ymin>
			<xmax>434</xmax>
			<ymax>78</ymax>
		</bndbox>
	</object>
	<object>
		<name>beet</name>
		<pose>Unspecified</pose>
		<truncated>0</truncated>
		<difficult>0</difficult>
		<bndbox>
			<xmin>69</xmin>
			<ymin>26</ymin>
			<xmax>127</xmax>
			<ymax>78</ymax>
		</bndbox>
	</object>
</annotation>