<annotation>
	<folder>beet</folder>
	<filename>IMG_20230514_155327_8.jpg</filename>
	<path>/beet/IMG_20230514_155327_8.jpg</path>
	<source>
		<database>Unspecified</database>
	</source>
	<size>
		<width>500</width>
		<height>500</height>
		<depth>3</depth>
	</size>
	<object>
		<name>beet</name>
		<pose>Unspecified</pose>
		<truncated>0</truncated>
		<difficult>0</difficult>
		<bndbox>
			<xmin>228</xmin>
			<ymin>36</ymin>
			<xmax>291</xmax>
			<ymax>91</ymax>
		</bndbox>
	</object>
	<object>
		<name>beet</name>
		<pose>Unspecified</pose>
		<truncated>0</truncated>
		<difficult>0</difficult>
		<bndbox>
			<xmin>0</xmin>
			<ymin>44</ymin>
			<xmax>68</xmax>
			<ymax>106</ymax>
		</bndbox>
	</object>
</annotation>