<annotation>
	<folder>beet</folder>
	<filename>IMG_20230514_155319_3.jpg</filename>
	<path>/beet/IMG_20230514_155319_3.jpg</path>
	<source>
		<database>Unspecified</database>
	</source>
	<size>
		<width>500</width>
		<height>500</height>
		<depth>3</depth>
	</size>
	<object>
		<name>beet</name>
		<pose>Unspecified</pose>
		<truncated>0</truncated>
		<difficult>0</difficult>
		<bndbox>
			<xmin>5</xmin>
			<ymin>30</ymin>
			<xmax>56</xmax>
			<ymax>68</ymax>
		</bndbox>
	</object>
	<object>
		<name>beet</name>
		<pose>Unspecified</pose>
		<truncated>0</truncated>
		<difficult>0</difficult>
		<bndbox>
			<xmin>246</xmin>
			<ymin>44</ymin>
			<xmax>284</xmax>
			<ymax>77</ymax>
		</bndbox>
	</object>
	<object>
		<name>beet</name>
		<pose>Unspecified</pose>
		<truncated>0</truncated>
		<difficult>0</difficult>
		<bndbox>
			<xmin>471</xmin>
			<ymin>44</ymin>
			<xmax>500</xmax>
			<ymax>91</ymax>
		</bndbox>
	</object>
</annotation>