<annotation>
	<folder>beet</folder>
	<filename>IMG_20230514_155403_7.jpg</filename>
	<path>/beet/IMG_20230514_155403_7.jpg</path>
	<source>
		<database>Unspecified</database>
	</source>
	<size>
		<width>500</width>
		<height>500</height>
		<depth>3</depth>
	</size>
	<object>
		<name>beet</name>
		<pose>Unspecified</pose>
		<truncated>0</truncated>
		<difficult>0</difficult>
		<bndbox>
			<xmin>405</xmin>
			<ymin>269</ymin>
			<xmax>435</xmax>
			<ymax>316</ymax>
		</bndbox>
	</object>
	<object>
		<name>beet</name>
		<pose>Unspecified</pose>
		<truncated>0</truncated>
		<difficult>0</difficult>
		<bndbox>
			<xmin>135</xmin>
			<ymin>297</ymin>
			<xmax>161</xmax>
			<ymax>329</ymax>
		</bndbox>
	</object>
</annotation>