<annotation>
	<folder>beet</folder>
	<filename>IMG_20230514_155219_9.jpg</filename>
	<path>/beet/IMG_20230514_155219_9.jpg</path>
	<source>
		<database>Unspecified</database>
	</source>
	<size>
		<width>500</width>
		<height>500</height>
		<depth>3</depth>
	</size>
	<object>
		<name>beet</name>
		<pose>Unspecified</pose>
		<truncated>0</truncated>
		<difficult>0</difficult>
		<bndbox>
			<xmin>210</xmin>
			<ymin>292</ymin>
			<xmax>298</xmax>
			<ymax>345</ymax>
		</bndbox>
	</object>
	<object>
		<name>beet</name>
		<pose>Unspecified</pose>
		<truncated>0</truncated>
		<difficult>0</difficult>
		<bndbox>
			<xmin>17</xmin>
			<ymin>302</ymin>
			<xmax>81</xmax>
			<ymax>348</ymax>
		</bndbox>
	</object>
	<object>
		<name>beet</name>
		<pose>Unspecified</pose>
		<truncated>0</truncated>
		<difficult>0</difficult>
		<bndbox>
			<xmin>450</xmin>
			<ymin>302</ymin>
			<xmax>500</xmax>
			<ymax>347</ymax>
		</bndbox>
	</object>
</annotation>