<annotation>
	<folder>beet</folder>
	<filename>IMG_20230514_155303_0.jpg</filename>
	<path>/beet/IMG_20230514_155303_0.jpg</path>
	<source>
		<database>Unspecified</database>
	</source>
	<size>
		<width>500</width>
		<height>500</height>
		<depth>3</depth>
	</size>
	<object>
		<name>beet</name>
		<pose>Unspecified</pose>
		<truncated>0</truncated>
		<difficult>0</difficult>
		<bndbox>
			<xmin>347</xmin>
			<ymin>368</ymin>
			<xmax>399</xmax>
			<ymax>448</ymax>
		</bndbox>
	</object>
	<object>
		<name>beet</name>
		<pose>Unspecified</pose>
		<truncated>0</truncated>
		<difficult>0</difficult>
		<bndbox>
			<xmin>75</xmin>
			<ymin>353</ymin>
			<xmax>127</xmax>
			<ymax>445</ymax>
		</bndbox>
	</object>
</annotation>