<annotation>
	<folder>beet</folder>
	<filename>IMG_20230514_155356_4.jpg</filename>
	<path>/beet/IMG_20230514_155356_4.jpg</path>
	<source>
		<database>Unspecified</database>
	</source>
	<size>
		<width>500</width>
		<height>500</height>
		<depth>3</depth>
	</size>
	<object>
		<name>beet</name>
		<pose>Unspecified</pose>
		<truncated>0</truncated>
		<difficult>0</difficult>
		<bndbox>
			<xmin>469</xmin>
			<ymin>327</ymin>
			<xmax>496</xmax>
			<ymax>378</ymax>
		</bndbox>
	</object>
	<object>
		<name>beet</name>
		<pose>Unspecified</pose>
		<truncated>0</truncated>
		<difficult>0</difficult>
		<bndbox>
			<xmin>257</xmin>
			<ymin>337</ymin>
			<xmax>279</xmax>
			<ymax>379</ymax>
		</bndbox>
	</object>
</annotation>