<annotation>
	<folder>beet</folder>
	<filename>IMG_20230514_155221_3.jpg</filename>
	<path>/beet/IMG_20230514_155221_3.jpg</path>
	<source>
		<database>Unspecified</database>
	</source>
	<size>
		<width>500</width>
		<height>500</height>
		<depth>3</depth>
	</size>
	<object>
		<name>beet</name>
		<pose>Unspecified</pose>
		<truncated>0</truncated>
		<difficult>0</difficult>
		<bndbox>
			<xmin>329</xmin>
			<ymin>140</ymin>
			<xmax>356</xmax>
			<ymax>193</ymax>
		</bndbox>
	</object>
	<object>
		<name>beet</name>
		<pose>Unspecified</pose>
		<truncated>0</truncated>
		<difficult>0</difficult>
		<bndbox>
			<xmin>37</xmin>
			<ymin>164</ymin>
			<xmax>81</xmax>
			<ymax>203</ymax>
		</bndbox>
	</object>
</annotation>