<annotation>
	<folder>beet</folder>
	<filename>IMG_20230514_155257_10.jpg</filename>
	<path>/beet/IMG_20230514_155257_10.jpg</path>
	<source>
		<database>Unspecified</database>
	</source>
	<size>
		<width>500</width>
		<height>500</height>
		<depth>3</depth>
	</size>
	<object>
		<name>beet</name>
		<pose>Unspecified</pose>
		<truncated>0</truncated>
		<difficult>0</difficult>
		<bndbox>
			<xmin>217</xmin>
			<ymin>45</ymin>
			<xmax>327</xmax>
			<ymax>136</ymax>
		</bndbox>
	</object>
	<object>
		<name>beet</name>
		<pose>Unspecified</pose>
		<truncated>0</truncated>
		<difficult>0</difficult>
		<bndbox>
			<xmin>7</xmin>
			<ymin>78</ymin>
			<xmax>49</xmax>
			<ymax>111</ymax>
		</bndbox>
	</object>
</annotation>