<annotation>
	<folder>beet</folder>
	<filename>IMG_20230514_155320_5.jpg</filename>
	<path>/beet/IMG_20230514_155320_5.jpg</path>
	<source>
		<database>Unspecified</database>
	</source>
	<size>
		<width>500</width>
		<height>500</height>
		<depth>3</depth>
	</size>
	<object>
		<name>beet</name>
		<pose>Unspecified</pose>
		<truncated>0</truncated>
		<difficult>0</difficult>
		<bndbox>
			<xmin>130</xmin>
			<ymin>191</ymin>
			<xmax>176</xmax>
			<ymax>230</ymax>
		</bndbox>
	</object>
	<object>
		<name>beet</name>
		<pose>Unspecified</pose>
		<truncated>0</truncated>
		<difficult>0</difficult>
		<bndbox>
			<xmin>429</xmin>
			<ymin>182</ymin>
			<xmax>485</xmax>
			<ymax>219</ymax>
		</bndbox>
	</object>
</annotation>