<annotation>
	<folder>beet</folder>
	<filename>IMG_20230514_155305_3.jpg</filename>
	<path>/beet/IMG_20230514_155305_3.jpg</path>
	<source>
		<database>Unspecified</database>
	</source>
	<size>
		<width>500</width>
		<height>500</height>
		<depth>3</depth>
	</size>
	<object>
		<name>beet</name>
		<pose>Unspecified</pose>
		<truncated>0</truncated>
		<difficult>0</difficult>
		<bndbox>
			<xmin>62</xmin>
			<ymin>41</ymin>
			<xmax>171</xmax>
			<ymax>95</ymax>
		</bndbox>
	</object>
	<object>
		<name>beet</name>
		<pose>Unspecified</pose>
		<truncated>0</truncated>
		<difficult>0</difficult>
		<bndbox>
			<xmin>335</xmin>
			<ymin>55</ymin>
			<xmax>375</xmax>
			<ymax>89</ymax>
		</bndbox>
	</object>
</annotation>