<annotation>
	<folder>beet</folder>
	<filename>IMG_20230514_155227_3.jpg</filename>
	<path>/beet/IMG_20230514_155227_3.jpg</path>
	<source>
		<database>Unspecified</database>
	</source>
	<size>
		<width>500</width>
		<height>500</height>
		<depth>3</depth>
	</size>
	<object>
		<name>beet</name>
		<pose>Unspecified</pose>
		<truncated>0</truncated>
		<difficult>0</difficult>
		<bndbox>
			<xmin>104</xmin>
			<ymin>54</ymin>
			<xmax>196</xmax>
			<ymax>100</ymax>
		</bndbox>
	</object>
	<object>
		<name>beet</name>
		<pose>Unspecified</pose>
		<truncated>0</truncated>
		<difficult>0</difficult>
		<bndbox>
			<xmin>400</xmin>
			<ymin>66</ymin>
			<xmax>442</xmax>
			<ymax>116</ymax>
		</bndbox>
	</object>
</annotation>