<annotation>
	<folder>beet</folder>
	<filename>IMG_20230514_155243_8.jpg</filename>
	<path>/beet/IMG_20230514_155243_8.jpg</path>
	<source>
		<database>Unspecified</database>
	</source>
	<size>
		<width>500</width>
		<height>500</height>
		<depth>3</depth>
	</size>
	<object>
		<name>beet</name>
		<pose>Unspecified</pose>
		<truncated>0</truncated>
		<difficult>0</difficult>
		<bndbox>
			<xmin>319</xmin>
			<ymin>21</ymin>
			<xmax>405</xmax>
			<ymax>77</ymax>
		</bndbox>
	</object>
	<object>
		<name>beet</name>
		<pose>Unspecified</pose>
		<truncated>0</truncated>
		<difficult>0</difficult>
		<bndbox>
			<xmin>81</xmin>
			<ymin>50</ymin>
			<xmax>122</xmax>
			<ymax>88</ymax>
		</bndbox>
	</object>
</annotation>