<annotation>
	<folder>beet</folder>
	<filename>IMG_20230514_155225_1.jpg</filename>
	<path>/beet/IMG_20230514_155225_1.jpg</path>
	<source>
		<database>Unspecified</database>
	</source>
	<size>
		<width>500</width>
		<height>500</height>
		<depth>3</depth>
	</size>
	<object>
		<name>beet</name>
		<pose>Unspecified</pose>
		<truncated>0</truncated>
		<difficult>0</difficult>
		<bndbox>
			<xmin>300</xmin>
			<ymin>40</ymin>
			<xmax>396</xmax>
			<ymax>87</ymax>
		</bndbox>
	</object>
	<object>
		<name>beet</name>
		<pose>Unspecified</pose>
		<truncated>0</truncated>
		<difficult>0</difficult>
		<bndbox>
			<xmin>48</xmin>
			<ymin>47</ymin>
			<xmax>105</xmax>
			<ymax>95</ymax>
		</bndbox>
	</object>
</annotation>