<annotation>
	<folder>beet</folder>
	<filename>IMG_20230514_155343_1.jpg</filename>
	<path>/beet/IMG_20230514_155343_1.jpg</path>
	<source>
		<database>Unspecified</database>
	</source>
	<size>
		<width>500</width>
		<height>500</height>
		<depth>3</depth>
	</size>
	<object>
		<name>beet</name>
		<pose>Unspecified</pose>
		<truncated>0</truncated>
		<difficult>0</difficult>
		<bndbox>
			<xmin>175</xmin>
			<ymin>392</ymin>
			<xmax>223</xmax>
			<ymax>465</ymax>
		</bndbox>
	</object>
	<object>
		<name>beet</name>
		<pose>Unspecified</pose>
		<truncated>0</truncated>
		<difficult>0</difficult>
		<bndbox>
			<xmin>379</xmin>
			<ymin>397</ymin>
			<xmax>454</xmax>
			<ymax>468</ymax>
		</bndbox>
	</object>
</annotation>