<annotation>
	<folder>beet</folder>
	<filename>IMG_20230514_155311_0.jpg</filename>
	<path>/beet/IMG_20230514_155311_0.jpg</path>
	<source>
		<database>Unspecified</database>
	</source>
	<size>
		<width>500</width>
		<height>500</height>
		<depth>3</depth>
	</size>
	<object>
		<name>beet</name>
		<pose>Unspecified</pose>
		<truncated>0</truncated>
		<difficult>0</difficult>
		<bndbox>
			<xmin>228</xmin>
			<ymin>61</ymin>
			<xmax>282</xmax>
			<ymax>97</ymax>
		</bndbox>
	</object>
	<object>
		<name>beet</name>
		<pose>Unspecified</pose>
		<truncated>0</truncated>
		<difficult>0</difficult>
		<bndbox>
			<xmin>0</xmin>
			<ymin>66</ymin>
			<xmax>31</xmax>
			<ymax>95</ymax>
		</bndbox>
	</object>
	<object>
		<name>beet</name>
		<pose>Unspecified</pose>
		<truncated>0</truncated>
		<difficult>0</difficult>
		<bndbox>
			<xmin>473</xmin>
			<ymin>65</ymin>
			<xmax>500</xmax>
			<ymax>88</ymax>
		</bndbox>
	</object>
</annotation>