<annotation>
	<folder>beet</folder>
	<filename>IMG_20230514_155219_11.jpg</filename>
	<path>/beet/IMG_20230514_155219_11.jpg</path>
	<source>
		<database>Unspecified</database>
	</source>
	<size>
		<width>500</width>
		<height>500</height>
		<depth>3</depth>
	</size>
	<object>
		<name>beet</name>
		<pose>Unspecified</pose>
		<truncated>0</truncated>
		<difficult>0</difficult>
		<bndbox>
			<xmin>118</xmin>
			<ymin>291</ymin>
			<xmax>211</xmax>
			<ymax>375</ymax>
		</bndbox>
	</object>
	<object>
		<name>beet</name>
		<pose>Unspecified</pose>
		<truncated>0</truncated>
		<difficult>0</difficult>
		<bndbox>
			<xmin>380</xmin>
			<ymin>308</ymin>
			<xmax>430</xmax>
			<ymax>372</ymax>
		</bndbox>
	</object>
</annotation>