<annotation>
	<folder>beet</folder>
	<filename>IMG_20230514_155403_10.jpg</filename>
	<path>/beet/IMG_20230514_155403_10.jpg</path>
	<source>
		<database>Unspecified</database>
	</source>
	<size>
		<width>500</width>
		<height>500</height>
		<depth>3</depth>
	</size>
	<object>
		<name>beet</name>
		<pose>Unspecified</pose>
		<truncated>0</truncated>
		<difficult>0</difficult>
		<bndbox>
			<xmin>47</xmin>
			<ymin>417</ymin>
			<xmax>111</xmax>
			<ymax>490</ymax>
		</bndbox>
	</object>
	<object>
		<name>beet</name>
		<pose>Unspecified</pose>
		<truncated>0</truncated>
		<difficult>0</difficult>
		<bndbox>
			<xmin>338</xmin>
			<ymin>432</ymin>
			<xmax>382</xmax>
			<ymax>462</ymax>
		</bndbox>
	</object>
</annotation>