<annotation>
	<folder>beet</folder>
	<filename>IMG_20230514_155317_6.jpg</filename>
	<path>/beet/IMG_20230514_155317_6.jpg</path>
	<source>
		<database>Unspecified</database>
	</source>
	<size>
		<width>500</width>
		<height>500</height>
		<depth>3</depth>
	</size>
	<object>
		<name>beet</name>
		<pose>Unspecified</pose>
		<truncated>0</truncated>
		<difficult>0</difficult>
		<bndbox>
			<xmin>207</xmin>
			<ymin>190</ymin>
			<xmax>247</xmax>
			<ymax>222</ymax>
		</bndbox>
	</object>
	<object>
		<name>beet</name>
		<pose>Unspecified</pose>
		<truncated>0</truncated>
		<difficult>0</difficult>
		<bndbox>
			<xmin>30</xmin>
			<ymin>181</ymin>
			<xmax>82</xmax>
			<ymax>229</ymax>
		</bndbox>
	</object>
</annotation>