<annotation>
	<folder>beet</folder>
	<filename>IMG_20230514_155411_11.jpg</filename>
	<path>/beet/IMG_20230514_155411_11.jpg</path>
	<source>
		<database>Unspecified</database>
	</source>
	<size>
		<width>500</width>
		<height>500</height>
		<depth>3</depth>
	</size>
	<object>
		<name>beet</name>
		<pose>Unspecified</pose>
		<truncated>0</truncated>
		<difficult>0</difficult>
		<bndbox>
			<xmin>141</xmin>
			<ymin>409</ymin>
			<xmax>226</xmax>
			<ymax>470</ymax>
		</bndbox>
	</object>
	<object>
		<name>beet</name>
		<pose>Unspecified</pose>
		<truncated>0</truncated>
		<difficult>0</difficult>
		<bndbox>
			<xmin>417</xmin>
			<ymin>407</ymin>
			<xmax>455</xmax>
			<ymax>436</ymax>
		</bndbox>
	</object>
</annotation>