<annotation>
	<folder>beet</folder>
	<filename>IMG_20230514_155408_8.jpg</filename>
	<path>/beet/IMG_20230514_155408_8.jpg</path>
	<source>
		<database>Unspecified</database>
	</source>
	<size>
		<width>500</width>
		<height>500</height>
		<depth>3</depth>
	</size>
	<object>
		<name>beet</name>
		<pose>Unspecified</pose>
		<truncated>0</truncated>
		<difficult>0</difficult>
		<bndbox>
			<xmin>0</xmin>
			<ymin>402</ymin>
			<xmax>38</xmax>
			<ymax>437</ymax>
		</bndbox>
	</object>
	<object>
		<name>beet</name>
		<pose>Unspecified</pose>
		<truncated>0</truncated>
		<difficult>0</difficult>
		<bndbox>
			<xmin>252</xmin>
			<ymin>396</ymin>
			<xmax>298</xmax>
			<ymax>439</ymax>
		</bndbox>
	</object>
</annotation>