<annotation>
	<folder>beet</folder>
	<filename>IMG_20230514_155306_9.jpg</filename>
	<path>/beet/IMG_20230514_155306_9.jpg</path>
	<source>
		<database>Unspecified</database>
	</source>
	<size>
		<width>500</width>
		<height>500</height>
		<depth>3</depth>
	</size>
	<object>
		<name>beet</name>
		<pose>Unspecified</pose>
		<truncated>0</truncated>
		<difficult>0</difficult>
		<bndbox>
			<xmin>204</xmin>
			<ymin>372</ymin>
			<xmax>275</xmax>
			<ymax>407</ymax>
		</bndbox>
	</object>
	<object>
		<name>beet</name>
		<pose>Unspecified</pose>
		<truncated>0</truncated>
		<difficult>0</difficult>
		<bndbox>
			<xmin>0</xmin>
			<ymin>360</ymin>
			<xmax>21</xmax>
			<ymax>415</ymax>
		</bndbox>
	</object>
	<object>
		<name>beet</name>
		<pose>Unspecified</pose>
		<truncated>0</truncated>
		<difficult>0</difficult>
		<bndbox>
			<xmin>454</xmin>
			<ymin>358</ymin>
			<xmax>500</xmax>
			<ymax>425</ymax>
		</bndbox>
	</object>
</annotation>