<annotation>
	<folder>beet</folder>
	<filename>IMG_20230514_155356_1.jpg</filename>
	<path>/beet/IMG_20230514_155356_1.jpg</path>
	<source>
		<database>Unspecified</database>
	</source>
	<size>
		<width>500</width>
		<height>500</height>
		<depth>3</depth>
	</size>
	<object>
		<name>beet</name>
		<pose>Unspecified</pose>
		<truncated>0</truncated>
		<difficult>0</difficult>
		<bndbox>
			<xmin>306</xmin>
			<ymin>217</ymin>
			<xmax>351</xmax>
			<ymax>265</ymax>
		</bndbox>
	</object>
	<object>
		<name>beet</name>
		<pose>Unspecified</pose>
		<truncated>0</truncated>
		<difficult>0</difficult>
		<bndbox>
			<xmin>42</xmin>
			<ymin>241</ymin>
			<xmax>77</xmax>
			<ymax>296</ymax>
		</bndbox>
	</object>
</annotation>