<annotation>
	<folder>beet</folder>
	<filename>IMG_20230514_155356_10.jpg</filename>
	<path>/beet/IMG_20230514_155356_10.jpg</path>
	<source>
		<database>Unspecified</database>
	</source>
	<size>
		<width>500</width>
		<height>500</height>
		<depth>3</depth>
	</size>
	<object>
		<name>beet</name>
		<pose>Unspecified</pose>
		<truncated>0</truncated>
		<difficult>0</difficult>
		<bndbox>
			<xmin>164</xmin>
			<ymin>401</ymin>
			<xmax>269</xmax>
			<ymax>454</ymax>
		</bndbox>
	</object>
	<object>
		<name>beet</name>
		<pose>Unspecified</pose>
		<truncated>0</truncated>
		<difficult>0</difficult>
		<bndbox>
			<xmin>406</xmin>
			<ymin>384</ymin>
			<xmax>471</xmax>
			<ymax>438</ymax>
		</bndbox>
	</object>
</annotation>