<annotation>
	<folder>beet</folder>
	<filename>IMG_20230514_155254_10.jpg</filename>
	<path>/beet/IMG_20230514_155254_10.jpg</path>
	<source>
		<database>Unspecified</database>
	</source>
	<size>
		<width>500</width>
		<height>500</height>
		<depth>3</depth>
	</size>
	<object>
		<name>beet</name>
		<pose>Unspecified</pose>
		<truncated>0</truncated>
		<difficult>0</difficult>
		<bndbox>
			<xmin>171</xmin>
			<ymin>91</ymin>
			<xmax>213</xmax>
			<ymax>134</ymax>
		</bndbox>
	</object>
	<object>
		<name>beet</name>
		<pose>Unspecified</pose>
		<truncated>0</truncated>
		<difficult>0</difficult>
		<bndbox>
			<xmin>448</xmin>
			<ymin>64</ymin>
			<xmax>500</xmax>
			<ymax>155</ymax>
		</bndbox>
	</object>
</annotation>