<annotation>
	<folder>beet</folder>
	<filename>IMG_20230514_155327_2.jpg</filename>
	<path>/beet/IMG_20230514_155327_2.jpg</path>
	<source>
		<database>Unspecified</database>
	</source>
	<size>
		<width>500</width>
		<height>500</height>
		<depth>3</depth>
	</size>
	<object>
		<name>beet</name>
		<pose>Unspecified</pose>
		<truncated>0</truncated>
		<difficult>0</difficult>
		<bndbox>
			<xmin>338</xmin>
			<ymin>366</ymin>
			<xmax>392</xmax>
			<ymax>407</ymax>
		</bndbox>
	</object>
	<object>
		<name>beet</name>
		<pose>Unspecified</pose>
		<truncated>0</truncated>
		<difficult>0</difficult>
		<bndbox>
			<xmin>47</xmin>
			<ymin>389</ymin>
			<xmax>93</xmax>
			<ymax>419</ymax>
		</bndbox>
	</object>
</annotation>