<annotation>
	<folder>beet</folder>
	<filename>IMG_20230514_155219_7.jpg</filename>
	<path>/beet/IMG_20230514_155219_7.jpg</path>
	<source>
		<database>Unspecified</database>
	</source>
	<size>
		<width>500</width>
		<height>500</height>
		<depth>3</depth>
	</size>
	<object>
		<name>beet</name>
		<pose>Unspecified</pose>
		<truncated>0</truncated>
		<difficult>0</difficult>
		<bndbox>
			<xmin>303</xmin>
			<ymin>250</ymin>
			<xmax>342</xmax>
			<ymax>292</ymax>
		</bndbox>
	</object>
	<object>
		<name>beet</name>
		<pose>Unspecified</pose>
		<truncated>0</truncated>
		<difficult>0</difficult>
		<bndbox>
			<xmin>25</xmin>
			<ymin>240</ymin>
			<xmax>56</xmax>
			<ymax>290</ymax>
		</bndbox>
	</object>
</annotation>