<annotation>
	<folder>beet</folder>
	<filename>IMG_20230514_155234_5.jpg</filename>
	<path>/beet/IMG_20230514_155234_5.jpg</path>
	<source>
		<database>Unspecified</database>
	</source>
	<size>
		<width>500</width>
		<height>500</height>
		<depth>3</depth>
	</size>
	<object>
		<name>beet</name>
		<pose>Unspecified</pose>
		<truncated>0</truncated>
		<difficult>0</difficult>
		<bndbox>
			<xmin>217</xmin>
			<ymin>268</ymin>
			<xmax>265</xmax>
			<ymax>305</ymax>
		</bndbox>
	</object>
	<object>
		<name>beet</name>
		<pose>Unspecified</pose>
		<truncated>0</truncated>
		<difficult>0</difficult>
		<bndbox>
			<xmin>450</xmin>
			<ymin>240</ymin>
			<xmax>500</xmax>
			<ymax>297</ymax>
		</bndbox>
	</object>
	<object>
		<name>beet</name>
		<pose>Unspecified</pose>
		<truncated>0</truncated>
		<difficult>0</difficult>
		<bndbox>
			<xmin>0</xmin>
			<ymin>265</ymin>
			<xmax>28</xmax>
			<ymax>311</ymax>
		</bndbox>
	</object>
</annotation>