<annotation>
	<folder>beet</folder>
	<filename>IMG_20230514_155236_4.jpg</filename>
	<path>/beet/IMG_20230514_155236_4.jpg</path>
	<source>
		<database>Unspecified</database>
	</source>
	<size>
		<width>500</width>
		<height>500</height>
		<depth>3</depth>
	</size>
	<object>
		<name>beet</name>
		<pose>Unspecified</pose>
		<truncated>0</truncated>
		<difficult>0</difficult>
		<bndbox>
			<xmin>225</xmin>
			<ymin>200</ymin>
			<xmax>271</xmax>
			<ymax>240</ymax>
		</bndbox>
	</object>
	<object>
		<name>beet</name>
		<pose>Unspecified</pose>
		<truncated>0</truncated>
		<difficult>0</difficult>
		<bndbox>
			<xmin>0</xmin>
			<ymin>192</ymin>
			<xmax>36</xmax>
			<ymax>245</ymax>
		</bndbox>
	</object>
	<object>
		<name>beet</name>
		<pose>Unspecified</pose>
		<truncated>0</truncated>
		<difficult>0</difficult>
		<bndbox>
			<xmin>449</xmin>
			<ymin>177</ymin>
			<xmax>500</xmax>
			<ymax>226</ymax>
		</bndbox>
	</object>
</annotation>