<annotation>
	<folder>beet</folder>
	<filename>IMG_20230514_155411_1.jpg</filename>
	<path>/beet/IMG_20230514_155411_1.jpg</path>
	<source>
		<database>Unspecified</database>
	</source>
	<size>
		<width>500</width>
		<height>500</height>
		<depth>3</depth>
	</size>
	<object>
		<name>beet</name>
		<pose>Unspecified</pose>
		<truncated>0</truncated>
		<difficult>0</difficult>
		<bndbox>
			<xmin>299</xmin>
			<ymin>193</ymin>
			<xmax>342</xmax>
			<ymax>240</ymax>
		</bndbox>
	</object>
	<object>
		<name>beet</name>
		<pose>Unspecified</pose>
		<truncated>0</truncated>
		<difficult>0</difficult>
		<bndbox>
			<xmin>62</xmin>
			<ymin>194</ymin>
			<xmax>108</xmax>
			<ymax>257</ymax>
		</bndbox>
	</object>
</annotation>