<annotation>
	<folder>beet</folder>
	<filename>IMG_20230514_155234_8.jpg</filename>
	<path>/beet/IMG_20230514_155234_8.jpg</path>
	<source>
		<database>Unspecified</database>
	</source>
	<size>
		<width>500</width>
		<height>500</height>
		<depth>3</depth>
	</size>
	<object>
		<name>beet</name>
		<pose>Unspecified</pose>
		<truncated>0</truncated>
		<difficult>0</difficult>
		<bndbox>
			<xmin>293</xmin>
			<ymin>430</ymin>
			<xmax>373</xmax>
			<ymax>491</ymax>
		</bndbox>
	</object>
	<object>
		<name>beet</name>
		<pose>Unspecified</pose>
		<truncated>0</truncated>
		<difficult>0</difficult>
		<bndbox>
			<xmin>56</xmin>
			<ymin>446</ymin>
			<xmax>95</xmax>
			<ymax>486</ymax>
		</bndbox>
	</object>
</annotation>