<annotation>
	<folder>beet</folder>
	<filename>IMG_20230514_155236_9.jpg</filename>
	<path>/beet/IMG_20230514_155236_9.jpg</path>
	<source>
		<database>Unspecified</database>
	</source>
	<size>
		<width>500</width>
		<height>500</height>
		<depth>3</depth>
	</size>
	<object>
		<name>beet</name>
		<pose>Unspecified</pose>
		<truncated>0</truncated>
		<difficult>0</difficult>
		<bndbox>
			<xmin>349</xmin>
			<ymin>300</ymin>
			<xmax>394</xmax>
			<ymax>341</ymax>
		</bndbox>
	</object>
	<object>
		<name>beet</name>
		<pose>Unspecified</pose>
		<truncated>0</truncated>
		<difficult>0</difficult>
		<bndbox>
			<xmin>165</xmin>
			<ymin>310</ymin>
			<xmax>181</xmax>
			<ymax>337</ymax>
		</bndbox>
	</object>
</annotation>