<annotation>
	<folder>beet</folder>
	<filename>IMG_20230514_155240_9.jpg</filename>
	<path>/beet/IMG_20230514_155240_9.jpg</path>
	<source>
		<database>Unspecified</database>
	</source>
	<size>
		<width>500</width>
		<height>500</height>
		<depth>3</depth>
	</size>
	<object>
		<name>beet</name>
		<pose>Unspecified</pose>
		<truncated>0</truncated>
		<difficult>0</difficult>
		<bndbox>
			<xmin>255</xmin>
			<ymin>0</ymin>
			<xmax>308</xmax>
			<ymax>32</ymax>
		</bndbox>
	</object>
	<object>
		<name>beet</name>
		<pose>Unspecified</pose>
		<truncated>0</truncated>
		<difficult>0</difficult>
		<bndbox>
			<xmin>453</xmin>
			<ymin>0</ymin>
			<xmax>500</xmax>
			<ymax>23</ymax>
		</bndbox>
	</object>
</annotation>