<annotation>
	<folder>beet</folder>
	<filename>IMG_20230514_155339_3.jpg</filename>
	<path>/beet/IMG_20230514_155339_3.jpg</path>
	<source>
		<database>Unspecified</database>
	</source>
	<size>
		<width>500</width>
		<height>500</height>
		<depth>3</depth>
	</size>
	<object>
		<name>beet</name>
		<pose>Unspecified</pose>
		<truncated>0</truncated>
		<difficult>0</difficult>
		<bndbox>
			<xmin>182</xmin>
			<ymin>383</ymin>
			<xmax>224</xmax>
			<ymax>417</ymax>
		</bndbox>
	</object>
	<object>
		<name>beet</name>
		<pose>Unspecified</pose>
		<truncated>0</truncated>
		<difficult>0</difficult>
		<bndbox>
			<xmin>401</xmin>
			<ymin>335</ymin>
			<xmax>493</xmax>
			<ymax>416</ymax>
		</bndbox>
	</object>
</annotation>