<annotation>
	<folder>beet</folder>
	<filename>IMG_20230514_155300_11.jpg</filename>
	<path>/beet/IMG_20230514_155300_11.jpg</path>
	<source>
		<database>Unspecified</database>
	</source>
	<size>
		<width>500</width>
		<height>500</height>
		<depth>3</depth>
	</size>
	<object>
		<name>beet</name>
		<pose>Unspecified</pose>
		<truncated>0</truncated>
		<difficult>0</difficult>
		<bndbox>
			<xmin>432</xmin>
			<ymin>36</ymin>
			<xmax>500</xmax>
			<ymax>116</ymax>
		</bndbox>
	</object>
	<object>
		<name>beet</name>
		<pose>Unspecified</pose>
		<truncated>0</truncated>
		<difficult>0</difficult>
		<bndbox>
			<xmin>224</xmin>
			<ymin>65</ymin>
			<xmax>260</xmax>
			<ymax>103</ymax>
		</bndbox>
	</object>
</annotation>