<annotation>
	<folder>beet</folder>
	<filename>IMG_20230514_155353_5.jpg</filename>
	<path>/beet/IMG_20230514_155353_5.jpg</path>
	<source>
		<database>Unspecified</database>
	</source>
	<size>
		<width>500</width>
		<height>500</height>
		<depth>3</depth>
	</size>
	<object>
		<name>beet</name>
		<pose>Unspecified</pose>
		<truncated>0</truncated>
		<difficult>0</difficult>
		<bndbox>
			<xmin>241</xmin>
			<ymin>243</ymin>
			<xmax>295</xmax>
			<ymax>299</ymax>
		</bndbox>
	</object>
	<object>
		<name>beet</name>
		<pose>Unspecified</pose>
		<truncated>0</truncated>
		<difficult>0</difficult>
		<bndbox>
			<xmin>464</xmin>
			<ymin>267</ymin>
			<xmax>500</xmax>
			<ymax>286</ymax>
		</bndbox>
	</object>
</annotation>