<annotation>
	<folder>beet</folder>
	<filename>IMG_20230514_155313_0.jpg</filename>
	<path>/beet/IMG_20230514_155313_0.jpg</path>
	<source>
		<database>Unspecified</database>
	</source>
	<size>
		<width>500</width>
		<height>500</height>
		<depth>3</depth>
	</size>
	<object>
		<name>beet</name>
		<pose>Unspecified</pose>
		<truncated>0</truncated>
		<difficult>0</difficult>
		<bndbox>
			<xmin>113</xmin>
			<ymin>89</ymin>
			<xmax>177</xmax>
			<ymax>152</ymax>
		</bndbox>
	</object>
	<object>
		<name>beet</name>
		<pose>Unspecified</pose>
		<truncated>0</truncated>
		<difficult>0</difficult>
		<bndbox>
			<xmin>440</xmin>
			<ymin>104</ymin>
			<xmax>499</xmax>
			<ymax>149</ymax>
		</bndbox>
	</object>
</annotation>