<annotation>
	<folder>beet</folder>
	<filename>IMG_20230514_155243_9.jpg</filename>
	<path>/beet/IMG_20230514_155243_9.jpg</path>
	<source>
		<database>Unspecified</database>
	</source>
	<size>
		<width>500</width>
		<height>500</height>
		<depth>3</depth>
	</size>
	<object>
		<name>beet</name>
		<pose>Unspecified</pose>
		<truncated>0</truncated>
		<difficult>0</difficult>
		<bndbox>
			<xmin>155</xmin>
			<ymin>28</ymin>
			<xmax>202</xmax>
			<ymax>74</ymax>
		</bndbox>
	</object>
	<object>
		<name>beet</name>
		<pose>Unspecified</pose>
		<truncated>0</truncated>
		<difficult>0</difficult>
		<bndbox>
			<xmin>327</xmin>
			<ymin>34</ymin>
			<xmax>374</xmax>
			<ymax>65</ymax>
		</bndbox>
	</object>
</annotation>