<annotation>
	<folder>beet</folder>
	<filename>IMG_20230514_155353_11.jpg</filename>
	<path>/beet/IMG_20230514_155353_11.jpg</path>
	<source>
		<database>Unspecified</database>
	</source>
	<size>
		<width>500</width>
		<height>500</height>
		<depth>3</depth>
	</size>
	<object>
		<name>beet</name>
		<pose>Unspecified</pose>
		<truncated>0</truncated>
		<difficult>0</difficult>
		<bndbox>
			<xmin>187</xmin>
			<ymin>362</ymin>
			<xmax>259</xmax>
			<ymax>429</ymax>
		</bndbox>
	</object>
	<object>
		<name>beet</name>
		<pose>Unspecified</pose>
		<truncated>0</truncated>
		<difficult>0</difficult>
		<bndbox>
			<xmin>411</xmin>
			<ymin>372</ymin>
			<xmax>462</xmax>
			<ymax>428</ymax>
		</bndbox>
	</object>
</annotation>