<annotation>
	<folder>beet</folder>
	<filename>IMG_20230514_155322_2.jpg</filename>
	<path>/beet/IMG_20230514_155322_2.jpg</path>
	<source>
		<database>Unspecified</database>
	</source>
	<size>
		<width>500</width>
		<height>500</height>
		<depth>3</depth>
	</size>
	<object>
		<name>beet</name>
		<pose>Unspecified</pose>
		<truncated>0</truncated>
		<difficult>0</difficult>
		<bndbox>
			<xmin>479</xmin>
			<ymin>116</ymin>
			<xmax>500</xmax>
			<ymax>155</ymax>
		</bndbox>
	</object>
	<object>
		<name>beet</name>
		<pose>Unspecified</pose>
		<truncated>0</truncated>
		<difficult>0</difficult>
		<bndbox>
			<xmin>0</xmin>
			<ymin>111</ymin>
			<xmax>26</xmax>
			<ymax>136</ymax>
		</bndbox>
	</object>
</annotation>