<annotation>
	<folder>beet</folder>
	<filename>IMG_20230514_155325_0.jpg</filename>
	<path>/beet/IMG_20230514_155325_0.jpg</path>
	<source>
		<database>Unspecified</database>
	</source>
	<size>
		<width>500</width>
		<height>500</height>
		<depth>3</depth>
	</size>
	<object>
		<name>beet</name>
		<pose>Unspecified</pose>
		<truncated>0</truncated>
		<difficult>0</difficult>
		<bndbox>
			<xmin>0</xmin>
			<ymin>396</ymin>
			<xmax>44</xmax>
			<ymax>437</ymax>
		</bndbox>
	</object>
	<object>
		<name>beet</name>
		<pose>Unspecified</pose>
		<truncated>0</truncated>
		<difficult>0</difficult>
		<bndbox>
			<xmin>351</xmin>
			<ymin>389</ymin>
			<xmax>371</xmax>
			<ymax>418</ymax>
		</bndbox>
	</object>
</annotation>