<annotation>
	<folder>beet</folder>
	<filename>IMG_20230514_155408_6.jpg</filename>
	<path>/beet/IMG_20230514_155408_6.jpg</path>
	<source>
		<database>Unspecified</database>
	</source>
	<size>
		<width>500</width>
		<height>500</height>
		<depth>3</depth>
	</size>
	<object>
		<name>beet</name>
		<pose>Unspecified</pose>
		<truncated>0</truncated>
		<difficult>0</difficult>
		<bndbox>
			<xmin>211</xmin>
			<ymin>276</ymin>
			<xmax>264</xmax>
			<ymax>329</ymax>
		</bndbox>
	</object>
	<object>
		<name>beet</name>
		<pose>Unspecified</pose>
		<truncated>0</truncated>
		<difficult>0</difficult>
		<bndbox>
			<xmin>0</xmin>
			<ymin>283</ymin>
			<xmax>54</xmax>
			<ymax>333</ymax>
		</bndbox>
	</object>
</annotation>