<annotation>
	<folder>beet</folder>
	<filename>IMG_20230514_155411_8.jpg</filename>
	<path>/beet/IMG_20230514_155411_8.jpg</path>
	<source>
		<database>Unspecified</database>
	</source>
	<size>
		<width>500</width>
		<height>500</height>
		<depth>3</depth>
	</size>
	<object>
		<name>beet</name>
		<pose>Unspecified</pose>
		<truncated>0</truncated>
		<difficult>0</difficult>
		<bndbox>
			<xmin>396</xmin>
			<ymin>369</ymin>
			<xmax>448</xmax>
			<ymax>409</ymax>
		</bndbox>
	</object>
	<object>
		<name>beet</name>
		<pose>Unspecified</pose>
		<truncated>0</truncated>
		<difficult>0</difficult>
		<bndbox>
			<xmin>214</xmin>
			<ymin>360</ymin>
			<xmax>282</xmax>
			<ymax>395</ymax>
		</bndbox>
	</object>
</annotation>