<annotation>
	<folder>beet</folder>
	<filename>IMG_20230514_155236_5.jpg</filename>
	<path>/beet/IMG_20230514_155236_5.jpg</path>
	<source>
		<database>Unspecified</database>
	</source>
	<size>
		<width>500</width>
		<height>500</height>
		<depth>3</depth>
	</size>
	<object>
		<name>beet</name>
		<pose>Unspecified</pose>
		<truncated>0</truncated>
		<difficult>0</difficult>
		<bndbox>
			<xmin>0</xmin>
			<ymin>185</ymin>
			<xmax>37</xmax>
			<ymax>236</ymax>
		</bndbox>
	</object>
	<object>
		<name>beet</name>
		<pose>Unspecified</pose>
		<truncated>0</truncated>
		<difficult>0</difficult>
		<bndbox>
			<xmin>488</xmin>
			<ymin>196</ymin>
			<xmax>500</xmax>
			<ymax>235</ymax>
		</bndbox>
	</object>
</annotation>