<annotation>
	<folder>beet</folder>
	<filename>IMG_20230514_155225_7.jpg</filename>
	<path>/beet/IMG_20230514_155225_7.jpg</path>
	<source>
		<database>Unspecified</database>
	</source>
	<size>
		<width>500</width>
		<height>500</height>
		<depth>3</depth>
	</size>
	<object>
		<name>beet</name>
		<pose>Unspecified</pose>
		<truncated>0</truncated>
		<difficult>0</difficult>
		<bndbox>
			<xmin>108</xmin>
			<ymin>171</ymin>
			<xmax>167</xmax>
			<ymax>219</ymax>
		</bndbox>
	</object>
	<object>
		<name>beet</name>
		<pose>Unspecified</pose>
		<truncated>0</truncated>
		<difficult>0</difficult>
		<bndbox>
			<xmin>343</xmin>
			<ymin>196</ymin>
			<xmax>392</xmax>
			<ymax>228</ymax>
		</bndbox>
	</object>
</annotation>