<annotation>
	<folder>beet</folder>
	<filename>IMG_20230514_155236_6.jpg</filename>
	<path>/beet/IMG_20230514_155236_6.jpg</path>
	<source>
		<database>Unspecified</database>
	</source>
	<size>
		<width>500</width>
		<height>500</height>
		<depth>3</depth>
	</size>
	<object>
		<name>beet</name>
		<pose>Unspecified</pose>
		<truncated>0</truncated>
		<difficult>0</difficult>
		<bndbox>
			<xmin>245</xmin>
			<ymin>181</ymin>
			<xmax>290</xmax>
			<ymax>224</ymax>
		</bndbox>
	</object>
	<object>
		<name>beet</name>
		<pose>Unspecified</pose>
		<truncated>0</truncated>
		<difficult>0</difficult>
		<bndbox>
			<xmin>0</xmin>
			<ymin>206</ymin>
			<xmax>36</xmax>
			<ymax>241</ymax>
		</bndbox>
	</object>
	<object>
		<name>beet</name>
		<pose>Unspecified</pose>
		<truncated>0</truncated>
		<difficult>0</difficult>
		<bndbox>
			<xmin>492</xmin>
			<ymin>179</ymin>
			<xmax>500</xmax>
			<ymax>200</ymax>
		</bndbox>
	</object>
</annotation>