<annotation>
	<folder>beet</folder>
	<filename>IMG_20230514_155322_3.jpg</filename>
	<path>/beet/IMG_20230514_155322_3.jpg</path>
	<source>
		<database>Unspecified</database>
	</source>
	<size>
		<width>500</width>
		<height>500</height>
		<depth>3</depth>
	</size>
	<object>
		<name>beet</name>
		<pose>Unspecified</pose>
		<truncated>0</truncated>
		<difficult>0</difficult>
		<bndbox>
			<xmin>234</xmin>
			<ymin>128</ymin>
			<xmax>311</xmax>
			<ymax>163</ymax>
		</bndbox>
	</object>
	<object>
		<name>beet</name>
		<pose>Unspecified</pose>
		<truncated>0</truncated>
		<difficult>0</difficult>
		<bndbox>
			<xmin>0</xmin>
			<ymin>129</ymin>
			<xmax>51</xmax>
			<ymax>184</ymax>
		</bndbox>
	</object>
</annotation>