<annotation>
	<folder>beet</folder>
	<filename>IMG_20230514_155257_1.jpg</filename>
	<path>/beet/IMG_20230514_155257_1.jpg</path>
	<source>
		<database>Unspecified</database>
	</source>
	<size>
		<width>500</width>
		<height>500</height>
		<depth>3</depth>
	</size>
	<object>
		<name>beet</name>
		<pose>Unspecified</pose>
		<truncated>0</truncated>
		<difficult>0</difficult>
		<bndbox>
			<xmin>360</xmin>
			<ymin>387</ymin>
			<xmax>462</xmax>
			<ymax>446</ymax>
		</bndbox>
	</object>
	<object>
		<name>beet</name>
		<pose>Unspecified</pose>
		<truncated>0</truncated>
		<difficult>0</difficult>
		<bndbox>
			<xmin>120</xmin>
			<ymin>408</ymin>
			<xmax>177</xmax>
			<ymax>441</ymax>
		</bndbox>
	</object>
</annotation>