<annotation>
	<folder>beet</folder>
	<filename>IMG_20230514_155248_8.jpg</filename>
	<path>/beet/IMG_20230514_155248_8.jpg</path>
	<source>
		<database>Unspecified</database>
	</source>
	<size>
		<width>500</width>
		<height>500</height>
		<depth>3</depth>
	</size>
	<object>
		<name>beet</name>
		<pose>Unspecified</pose>
		<truncated>0</truncated>
		<difficult>0</difficult>
		<bndbox>
			<xmin>387</xmin>
			<ymin>0</ymin>
			<xmax>466</xmax>
			<ymax>69</ymax>
		</bndbox>
	</object>
	<object>
		<name>beet</name>
		<pose>Unspecified</pose>
		<truncated>0</truncated>
		<difficult>0</difficult>
		<bndbox>
			<xmin>101</xmin>
			<ymin>15</ymin>
			<xmax>151</xmax>
			<ymax>52</ymax>
		</bndbox>
	</object>
</annotation>