<annotation>
	<folder>beet</folder>
	<filename>IMG_20230514_155313_5.jpg</filename>
	<path>/beet/IMG_20230514_155313_5.jpg</path>
	<source>
		<database>Unspecified</database>
	</source>
	<size>
		<width>500</width>
		<height>500</height>
		<depth>3</depth>
	</size>
	<object>
		<name>beet</name>
		<pose>Unspecified</pose>
		<truncated>0</truncated>
		<difficult>0</difficult>
		<bndbox>
			<xmin>313</xmin>
			<ymin>262</ymin>
			<xmax>361</xmax>
			<ymax>295</ymax>
		</bndbox>
	</object>
	<object>
		<name>beet</name>
		<pose>Unspecified</pose>
		<truncated>0</truncated>
		<difficult>0</difficult>
		<bndbox>
			<xmin>79</xmin>
			<ymin>262</ymin>
			<xmax>128</xmax>
			<ymax>325</ymax>
		</bndbox>
	</object>
</annotation>