<annotation>
	<folder>beet</folder>
	<filename>IMG_20230514_155306_11.jpg</filename>
	<path>/beet/IMG_20230514_155306_11.jpg</path>
	<source>
		<database>Unspecified</database>
	</source>
	<size>
		<width>500</width>
		<height>500</height>
		<depth>3</depth>
	</size>
	<object>
		<name>beet</name>
		<pose>Unspecified</pose>
		<truncated>0</truncated>
		<difficult>0</difficult>
		<bndbox>
			<xmin>13</xmin>
			<ymin>349</ymin>
			<xmax>54</xmax>
			<ymax>377</ymax>
		</bndbox>
	</object>
	<object>
		<name>beet</name>
		<pose>Unspecified</pose>
		<truncated>0</truncated>
		<difficult>0</difficult>
		<bndbox>
			<xmin>273</xmin>
			<ymin>324</ymin>
			<xmax>302</xmax>
			<ymax>381</ymax>
		</bndbox>
	</object>
</annotation>