<annotation>
	<folder>beet</folder>
	<filename>IMG_20230514_155251_3.jpg</filename>
	<path>/beet/IMG_20230514_155251_3.jpg</path>
	<source>
		<database>Unspecified</database>
	</source>
	<size>
		<width>500</width>
		<height>500</height>
		<depth>3</depth>
	</size>
	<object>
		<name>beet</name>
		<pose>Unspecified</pose>
		<truncated>0</truncated>
		<difficult>0</difficult>
		<bndbox>
			<xmin>367</xmin>
			<ymin>371</ymin>
			<xmax>404</xmax>
			<ymax>423</ymax>
		</bndbox>
	</object>
	<object>
		<name>beet</name>
		<pose>Unspecified</pose>
		<truncated>0</truncated>
		<difficult>0</difficult>
		<bndbox>
			<xmin>108</xmin>
			<ymin>373</ymin>
			<xmax>140</xmax>
			<ymax>411</ymax>
		</bndbox>
	</object>
</annotation>