<annotation>
	<folder>beet</folder>
	<filename>IMG_20230514_155227_9.jpg</filename>
	<path>/beet/IMG_20230514_155227_9.jpg</path>
	<source>
		<database>Unspecified</database>
	</source>
	<size>
		<width>500</width>
		<height>500</height>
		<depth>3</depth>
	</size>
	<object>
		<name>beet</name>
		<pose>Unspecified</pose>
		<truncated>0</truncated>
		<difficult>0</difficult>
		<bndbox>
			<xmin>194</xmin>
			<ymin>323</ymin>
			<xmax>238</xmax>
			<ymax>364</ymax>
		</bndbox>
	</object>
	<object>
		<name>beet</name>
		<pose>Unspecified</pose>
		<truncated>0</truncated>
		<difficult>0</difficult>
		<bndbox>
			<xmin>463</xmin>
			<ymin>313</ymin>
			<xmax>500</xmax>
			<ymax>401</ymax>
		</bndbox>
	</object>
</annotation>