<annotation>
	<folder>beet</folder>
	<filename>IMG_20230514_155406_0.jpg</filename>
	<path>/beet/IMG_20230514_155406_0.jpg</path>
	<source>
		<database>Unspecified</database>
	</source>
	<size>
		<width>500</width>
		<height>500</height>
		<depth>3</depth>
	</size>
	<object>
		<name>beet</name>
		<pose>Unspecified</pose>
		<truncated>0</truncated>
		<difficult>0</difficult>
		<bndbox>
			<xmin>267</xmin>
			<ymin>276</ymin>
			<xmax>313</xmax>
			<ymax>321</ymax>
		</bndbox>
	</object>
	<object>
		<name>beet</name>
		<pose>Unspecified</pose>
		<truncated>0</truncated>
		<difficult>0</difficult>
		<bndbox>
			<xmin>19</xmin>
			<ymin>305</ymin>
			<xmax>65</xmax>
			<ymax>343</ymax>
		</bndbox>
	</object>
	<object>
		<name>beet</name>
		<pose>Unspecified</pose>
		<truncated>0</truncated>
		<difficult>0</difficult>
		<bndbox>
			<xmin>458</xmin>
			<ymin>281</ymin>
			<xmax>500</xmax>
			<ymax>326</ymax>
		</bndbox>
	</object>
</annotation>