<annotation>
	<folder>beet</folder>
	<filename>IMG_20230514_155234_0.jpg</filename>
	<path>/beet/IMG_20230514_155234_0.jpg</path>
	<source>
		<database>Unspecified</database>
	</source>
	<size>
		<width>500</width>
		<height>500</height>
		<depth>3</depth>
	</size>
	<object>
		<name>beet</name>
		<pose>Unspecified</pose>
		<truncated>0</truncated>
		<difficult>0</difficult>
		<bndbox>
			<xmin>124</xmin>
			<ymin>64</ymin>
			<xmax>220</xmax>
			<ymax>126</ymax>
		</bndbox>
	</object>
	<object>
		<name>beet</name>
		<pose>Unspecified</pose>
		<truncated>0</truncated>
		<difficult>0</difficult>
		<bndbox>
			<xmin>462</xmin>
			<ymin>79</ymin>
			<xmax>500</xmax>
			<ymax>128</ymax>
		</bndbox>
	</object>
</annotation>