<annotation>
	<folder>beet</folder>
	<filename>IMG_20230514_155317_9.jpg</filename>
	<path>/beet/IMG_20230514_155317_9.jpg</path>
	<source>
		<database>Unspecified</database>
	</source>
	<size>
		<width>500</width>
		<height>500</height>
		<depth>3</depth>
	</size>
	<object>
		<name>beet</name>
		<pose>Unspecified</pose>
		<truncated>0</truncated>
		<difficult>0</difficult>
		<bndbox>
			<xmin>204</xmin>
			<ymin>322</ymin>
			<xmax>264</xmax>
			<ymax>385</ymax>
		</bndbox>
	</object>
	<object>
		<name>beet</name>
		<pose>Unspecified</pose>
		<truncated>0</truncated>
		<difficult>0</difficult>
		<bndbox>
			<xmin>421</xmin>
			<ymin>313</ymin>
			<xmax>483</xmax>
			<ymax>368</ymax>
		</bndbox>
	</object>
</annotation>