<annotation>
	<folder>beet</folder>
	<filename>IMG_20230514_155300_0.jpg</filename>
	<path>/beet/IMG_20230514_155300_0.jpg</path>
	<source>
		<database>Unspecified</database>
	</source>
	<size>
		<width>500</width>
		<height>500</height>
		<depth>3</depth>
	</size>
	<object>
		<name>beet</name>
		<pose>Unspecified</pose>
		<truncated>0</truncated>
		<difficult>0</difficult>
		<bndbox>
			<xmin>33</xmin>
			<ymin>429</ymin>
			<xmax>128</xmax>
			<ymax>469</ymax>
		</bndbox>
	</object>
	<object>
		<name>beet</name>
		<pose>Unspecified</pose>
		<truncated>0</truncated>
		<difficult>0</difficult>
		<bndbox>
			<xmin>284</xmin>
			<ymin>431</ymin>
			<xmax>317</xmax>
			<ymax>479</ymax>
		</bndbox>
	</object>
</annotation>