<annotation>
	<folder>beet</folder>
	<filename>IMG_20230514_155225_10.jpg</filename>
	<path>/beet/IMG_20230514_155225_10.jpg</path>
	<source>
		<database>Unspecified</database>
	</source>
	<size>
		<width>500</width>
		<height>500</height>
		<depth>3</depth>
	</size>
	<object>
		<name>beet</name>
		<pose>Unspecified</pose>
		<truncated>0</truncated>
		<difficult>0</difficult>
		<bndbox>
			<xmin>426</xmin>
			<ymin>276</ymin>
			<xmax>489</xmax>
			<ymax>366</ymax>
		</bndbox>
	</object>
	<object>
		<name>beet</name>
		<pose>Unspecified</pose>
		<truncated>0</truncated>
		<difficult>0</difficult>
		<bndbox>
			<xmin>161</xmin>
			<ymin>294</ymin>
			<xmax>204</xmax>
			<ymax>332</ymax>
		</bndbox>
	</object>
</annotation>