<annotation>
	<folder>beet</folder>
	<filename>IMG_20230514_155337_3.jpg</filename>
	<path>/beet/IMG_20230514_155337_3.jpg</path>
	<source>
		<database>Unspecified</database>
	</source>
	<size>
		<width>500</width>
		<height>500</height>
		<depth>3</depth>
	</size>
	<object>
		<name>beet</name>
		<pose>Unspecified</pose>
		<truncated>0</truncated>
		<difficult>0</difficult>
		<bndbox>
			<xmin>141</xmin>
			<ymin>366</ymin>
			<xmax>192</xmax>
			<ymax>427</ymax>
		</bndbox>
	</object>
	<object>
		<name>beet</name>
		<pose>Unspecified</pose>
		<truncated>0</truncated>
		<difficult>0</difficult>
		<bndbox>
			<xmin>357</xmin>
			<ymin>364</ymin>
			<xmax>413</xmax>
			<ymax>396</ymax>
		</bndbox>
	</object>
</annotation>