<annotation>
	<folder>beet</folder>
	<filename>IMG_20230514_155331_0.jpg</filename>
	<path>/beet/IMG_20230514_155331_0.jpg</path>
	<source>
		<database>Unspecified</database>
	</source>
	<size>
		<width>500</width>
		<height>500</height>
		<depth>3</depth>
	</size>
	<object>
		<name>beet</name>
		<pose>Unspecified</pose>
		<truncated>0</truncated>
		<difficult>0</difficult>
		<bndbox>
			<xmin>88</xmin>
			<ymin>401</ymin>
			<xmax>133</xmax>
			<ymax>430</ymax>
		</bndbox>
	</object>
	<object>
		<name>beet</name>
		<pose>Unspecified</pose>
		<truncated>0</truncated>
		<difficult>0</difficult>
		<bndbox>
			<xmin>370</xmin>
			<ymin>357</ymin>
			<xmax>438</xmax>
			<ymax>441</ymax>
		</bndbox>
	</object>
</annotation>