<annotation>
	<folder>beet</folder>
	<filename>IMG_20230514_155251_9.jpg</filename>
	<path>/beet/IMG_20230514_155251_9.jpg</path>
	<source>
		<database>Unspecified</database>
	</source>
	<size>
		<width>500</width>
		<height>500</height>
		<depth>3</depth>
	</size>
	<object>
		<name>beet</name>
		<pose>Unspecified</pose>
		<truncated>0</truncated>
		<difficult>0</difficult>
		<bndbox>
			<xmin>132</xmin>
			<ymin>36</ymin>
			<xmax>177</xmax>
			<ymax>75</ymax>
		</bndbox>
	</object>
	<object>
		<name>beet</name>
		<pose>Unspecified</pose>
		<truncated>0</truncated>
		<difficult>0</difficult>
		<bndbox>
			<xmin>406</xmin>
			<ymin>2</ymin>
			<xmax>476</xmax>
			<ymax>96</ymax>
		</bndbox>
	</object>
</annotation>