<annotation>
	<folder>beet</folder>
	<filename>IMG_20230514_155406_11.jpg</filename>
	<path>/beet/IMG_20230514_155406_11.jpg</path>
	<source>
		<database>Unspecified</database>
	</source>
	<size>
		<width>500</width>
		<height>500</height>
		<depth>3</depth>
	</size>
	<object>
		<name>beet</name>
		<pose>Unspecified</pose>
		<truncated>0</truncated>
		<difficult>0</difficult>
		<bndbox>
			<xmin>90</xmin>
			<ymin>421</ymin>
			<xmax>153</xmax>
			<ymax>500</ymax>
		</bndbox>
	</object>
	<object>
		<name>beet</name>
		<pose>Unspecified</pose>
		<truncated>0</truncated>
		<difficult>0</difficult>
		<bndbox>
			<xmin>397</xmin>
			<ymin>438</ymin>
			<xmax>446</xmax>
			<ymax>471</ymax>
		</bndbox>
	</object>
</annotation>