<annotation>
	<folder>beet</folder>
	<filename>IMG_20230514_155227_8.jpg</filename>
	<path>/beet/IMG_20230514_155227_8.jpg</path>
	<source>
		<database>Unspecified</database>
	</source>
	<size>
		<width>500</width>
		<height>500</height>
		<depth>3</depth>
	</size>
	<object>
		<name>beet</name>
		<pose>Unspecified</pose>
		<truncated>0</truncated>
		<difficult>0</difficult>
		<bndbox>
			<xmin>155</xmin>
			<ymin>298</ymin>
			<xmax>273</xmax>
			<ymax>388</ymax>
		</bndbox>
	</object>
	<object>
		<name>beet</name>
		<pose>Unspecified</pose>
		<truncated>0</truncated>
		<difficult>0</difficult>
		<bndbox>
			<xmin>470</xmin>
			<ymin>319</ymin>
			<xmax>500</xmax>
			<ymax>386</ymax>
		</bndbox>
	</object>
</annotation>