<annotation>
	<folder>beet</folder>
	<filename>IMG_20230514_155248_3.jpg</filename>
	<path>/beet/IMG_20230514_155248_3.jpg</path>
	<source>
		<database>Unspecified</database>
	</source>
	<size>
		<width>500</width>
		<height>500</height>
		<depth>3</depth>
	</size>
	<object>
		<name>beet</name>
		<pose>Unspecified</pose>
		<truncated>0</truncated>
		<difficult>0</difficult>
		<bndbox>
			<xmin>280</xmin>
			<ymin>339</ymin>
			<xmax>362</xmax>
			<ymax>404</ymax>
		</bndbox>
	</object>
	<object>
		<name>beet</name>
		<pose>Unspecified</pose>
		<truncated>0</truncated>
		<difficult>0</difficult>
		<bndbox>
			<xmin>60</xmin>
			<ymin>366</ymin>
			<xmax>102</xmax>
			<ymax>403</ymax>
		</bndbox>
	</object>
</annotation>