<annotation>
	<folder>beet</folder>
	<filename>IMG_20230514_155339_8.jpg</filename>
	<path>/beet/IMG_20230514_155339_8.jpg</path>
	<source>
		<database>Unspecified</database>
	</source>
	<size>
		<width>500</width>
		<height>500</height>
		<depth>3</depth>
	</size>
	<object>
		<name>beet</name>
		<pose>Unspecified</pose>
		<truncated>0</truncated>
		<difficult>0</difficult>
		<bndbox>
			<xmin>374</xmin>
			<ymin>67</ymin>
			<xmax>427</xmax>
			<ymax>122</ymax>
		</bndbox>
	</object>
	<object>
		<name>beet</name>
		<pose>Unspecified</pose>
		<truncated>0</truncated>
		<difficult>0</difficult>
		<bndbox>
			<xmin>128</xmin>
			<ymin>106</ymin>
			<xmax>151</xmax>
			<ymax>133</ymax>
		</bndbox>
	</object>
</annotation>