<annotation>
	<folder>beet</folder>
	<filename>IMG_20230514_155305_10.jpg</filename>
	<path>/beet/IMG_20230514_155305_10.jpg</path>
	<source>
		<database>Unspecified</database>
	</source>
	<size>
		<width>500</width>
		<height>500</height>
		<depth>3</depth>
	</size>
	<object>
		<name>beet</name>
		<pose>Unspecified</pose>
		<truncated>0</truncated>
		<difficult>0</difficult>
		<bndbox>
			<xmin>159</xmin>
			<ymin>331</ymin>
			<xmax>226</xmax>
			<ymax>362</ymax>
		</bndbox>
	</object>
	<object>
		<name>beet</name>
		<pose>Unspecified</pose>
		<truncated>0</truncated>
		<difficult>0</difficult>
		<bndbox>
			<xmin>399</xmin>
			<ymin>319</ymin>
			<xmax>460</xmax>
			<ymax>386</ymax>
		</bndbox>
	</object>
</annotation>