<annotation>
	<folder>beet</folder>
	<filename>IMG_20230514_155327_1.jpg</filename>
	<path>/beet/IMG_20230514_155327_1.jpg</path>
	<source>
		<database>Unspecified</database>
	</source>
	<size>
		<width>500</width>
		<height>500</height>
		<depth>3</depth>
	</size>
	<object>
		<name>beet</name>
		<pose>Unspecified</pose>
		<truncated>0</truncated>
		<difficult>0</difficult>
		<bndbox>
			<xmin>18</xmin>
			<ymin>399</ymin>
			<xmax>71</xmax>
			<ymax>439</ymax>
		</bndbox>
	</object>
	<object>
		<name>beet</name>
		<pose>Unspecified</pose>
		<truncated>0</truncated>
		<difficult>0</difficult>
		<bndbox>
			<xmin>355</xmin>
			<ymin>393</ymin>
			<xmax>377</xmax>
			<ymax>425</ymax>
		</bndbox>
	</object>
</annotation>