<annotation>
	<folder>beet</folder>
	<filename>IMG_20230514_155305_6.jpg</filename>
	<path>/beet/IMG_20230514_155305_6.jpg</path>
	<source>
		<database>Unspecified</database>
	</source>
	<size>
		<width>500</width>
		<height>500</height>
		<depth>3</depth>
	</size>
	<object>
		<name>beet</name>
		<pose>Unspecified</pose>
		<truncated>0</truncated>
		<difficult>0</difficult>
		<bndbox>
			<xmin>233</xmin>
			<ymin>196</ymin>
			<xmax>295</xmax>
			<ymax>243</ymax>
		</bndbox>
	</object>
	<object>
		<name>beet</name>
		<pose>Unspecified</pose>
		<truncated>0</truncated>
		<difficult>0</difficult>
		<bndbox>
			<xmin>437</xmin>
			<ymin>186</ymin>
			<xmax>500</xmax>
			<ymax>231</ymax>
		</bndbox>
	</object>
</annotation>