<annotation>
	<folder>beet</folder>
	<filename>IMG_20230514_155353_4.jpg</filename>
	<path>/beet/IMG_20230514_155353_4.jpg</path>
	<source>
		<database>Unspecified</database>
	</source>
	<size>
		<width>500</width>
		<height>500</height>
		<depth>3</depth>
	</size>
	<object>
		<name>beet</name>
		<pose>Unspecified</pose>
		<truncated>0</truncated>
		<difficult>0</difficult>
		<bndbox>
			<xmin>23</xmin>
			<ymin>266</ymin>
			<xmax>48</xmax>
			<ymax>313</ymax>
		</bndbox>
	</object>
	<object>
		<name>beet</name>
		<pose>Unspecified</pose>
		<truncated>0</truncated>
		<difficult>0</difficult>
		<bndbox>
			<xmin>250</xmin>
			<ymin>268</ymin>
			<xmax>292</xmax>
			<ymax>293</ymax>
		</bndbox>
	</object>
</annotation>