<annotation>
	<folder>beet</folder>
	<filename>IMG_20230514_155230_8.jpg</filename>
	<path>/beet/IMG_20230514_155230_8.jpg</path>
	<source>
		<database>Unspecified</database>
	</source>
	<size>
		<width>500</width>
		<height>500</height>
		<depth>3</depth>
	</size>
	<object>
		<name>beet</name>
		<pose>Unspecified</pose>
		<truncated>0</truncated>
		<difficult>0</difficult>
		<bndbox>
			<xmin>126</xmin>
			<ymin>384</ymin>
			<xmax>174</xmax>
			<ymax>425</ymax>
		</bndbox>
	</object>
	<object>
		<name>beet</name>
		<pose>Unspecified</pose>
		<truncated>0</truncated>
		<difficult>0</difficult>
		<bndbox>
			<xmin>394</xmin>
			<ymin>354</ymin>
			<xmax>460</xmax>
			<ymax>444</ymax>
		</bndbox>
	</object>
</annotation>