<annotation>
	<folder>beet</folder>
	<filename>IMG_20230514_155221_10.jpg</filename>
	<path>/beet/IMG_20230514_155221_10.jpg</path>
	<source>
		<database>Unspecified</database>
	</source>
	<size>
		<width>500</width>
		<height>500</height>
		<depth>3</depth>
	</size>
	<object>
		<name>beet</name>
		<pose>Unspecified</pose>
		<truncated>0</truncated>
		<difficult>0</difficult>
		<bndbox>
			<xmin>89</xmin>
			<ymin>369</ymin>
			<xmax>192</xmax>
			<ymax>457</ymax>
		</bndbox>
	</object>
	<object>
		<name>beet</name>
		<pose>Unspecified</pose>
		<truncated>0</truncated>
		<difficult>0</difficult>
		<bndbox>
			<xmin>378</xmin>
			<ymin>394</ymin>
			<xmax>429</xmax>
			<ymax>459</ymax>
		</bndbox>
	</object>
</annotation>