<annotation>
	<folder>beet</folder>
	<filename>IMG_20230514_155227_6.jpg</filename>
	<path>/beet/IMG_20230514_155227_6.jpg</path>
	<source>
		<database>Unspecified</database>
	</source>
	<size>
		<width>500</width>
		<height>500</height>
		<depth>3</depth>
	</size>
	<object>
		<name>beet</name>
		<pose>Unspecified</pose>
		<truncated>0</truncated>
		<difficult>0</difficult>
		<bndbox>
			<xmin>143</xmin>
			<ymin>188</ymin>
			<xmax>210</xmax>
			<ymax>235</ymax>
		</bndbox>
	</object>
	<object>
		<name>beet</name>
		<pose>Unspecified</pose>
		<truncated>0</truncated>
		<difficult>0</difficult>
		<bndbox>
			<xmin>382</xmin>
			<ymin>222</ymin>
			<xmax>433</xmax>
			<ymax>247</ymax>
		</bndbox>
	</object>
</annotation>