<annotation>
	<folder>beet</folder>
	<filename>IMG_20230514_155225_9.jpg</filename>
	<path>/beet/IMG_20230514_155225_9.jpg</path>
	<source>
		<database>Unspecified</database>
	</source>
	<size>
		<width>500</width>
		<height>500</height>
		<depth>3</depth>
	</size>
	<object>
		<name>beet</name>
		<pose>Unspecified</pose>
		<truncated>0</truncated>
		<difficult>0</difficult>
		<bndbox>
			<xmin>157</xmin>
			<ymin>272</ymin>
			<xmax>261</xmax>
			<ymax>360</ymax>
		</bndbox>
	</object>
	<object>
		<name>beet</name>
		<pose>Unspecified</pose>
		<truncated>0</truncated>
		<difficult>0</difficult>
		<bndbox>
			<xmin>446</xmin>
			<ymin>289</ymin>
			<xmax>497</xmax>
			<ymax>353</ymax>
		</bndbox>
	</object>
</annotation>