<annotation>
	<folder>beet</folder>
	<filename>IMG_20230514_155254_9.jpg</filename>
	<path>/beet/IMG_20230514_155254_9.jpg</path>
	<source>
		<database>Unspecified</database>
	</source>
	<size>
		<width>500</width>
		<height>500</height>
		<depth>3</depth>
	</size>
	<object>
		<name>beet</name>
		<pose>Unspecified</pose>
		<truncated>0</truncated>
		<difficult>0</difficult>
		<bndbox>
			<xmin>130</xmin>
			<ymin>67</ymin>
			<xmax>244</xmax>
			<ymax>161</ymax>
		</bndbox>
	</object>
	<object>
		<name>beet</name>
		<pose>Unspecified</pose>
		<truncated>0</truncated>
		<difficult>0</difficult>
		<bndbox>
			<xmin>447</xmin>
			<ymin>89</ymin>
			<xmax>495</xmax>
			<ymax>153</ymax>
		</bndbox>
	</object>
</annotation>