<annotation>
	<folder>beet</folder>
	<filename>IMG_20230514_155406_5.jpg</filename>
	<path>/beet/IMG_20230514_155406_5.jpg</path>
	<source>
		<database>Unspecified</database>
	</source>
	<size>
		<width>500</width>
		<height>500</height>
		<depth>3</depth>
	</size>
	<object>
		<name>beet</name>
		<pose>Unspecified</pose>
		<truncated>0</truncated>
		<difficult>0</difficult>
		<bndbox>
			<xmin>325</xmin>
			<ymin>313</ymin>
			<xmax>368</xmax>
			<ymax>360</ymax>
		</bndbox>
	</object>
	<object>
		<name>beet</name>
		<pose>Unspecified</pose>
		<truncated>0</truncated>
		<difficult>0</difficult>
		<bndbox>
			<xmin>121</xmin>
			<ymin>318</ymin>
			<xmax>181</xmax>
			<ymax>369</ymax>
		</bndbox>
	</object>
</annotation>