<annotation>
	<folder>beet</folder>
	<filename>IMG_20230514_155408_9.jpg</filename>
	<path>/beet/IMG_20230514_155408_9.jpg</path>
	<source>
		<database>Unspecified</database>
	</source>
	<size>
		<width>500</width>
		<height>500</height>
		<depth>3</depth>
	</size>
	<object>
		<name>beet</name>
		<pose>Unspecified</pose>
		<truncated>0</truncated>
		<difficult>0</difficult>
		<bndbox>
			<xmin>233</xmin>
			<ymin>405</ymin>
			<xmax>276</xmax>
			<ymax>447</ymax>
		</bndbox>
	</object>
	<object>
		<name>beet</name>
		<pose>Unspecified</pose>
		<truncated>0</truncated>
		<difficult>0</difficult>
		<bndbox>
			<xmin>403</xmin>
			<ymin>407</ymin>
			<xmax>449</xmax>
			<ymax>458</ymax>
		</bndbox>
	</object>
</annotation>