<annotation>
	<folder>beet</folder>
	<filename>IMG_20230514_155238_3.jpg</filename>
	<path>/beet/IMG_20230514_155238_3.jpg</path>
	<source>
		<database>Unspecified</database>
	</source>
	<size>
		<width>500</width>
		<height>500</height>
		<depth>3</depth>
	</size>
	<object>
		<name>beet</name>
		<pose>Unspecified</pose>
		<truncated>0</truncated>
		<difficult>0</difficult>
		<bndbox>
			<xmin>267</xmin>
			<ymin>323</ymin>
			<xmax>327</xmax>
			<ymax>375</ymax>
		</bndbox>
	</object>
	<object>
		<name>beet</name>
		<pose>Unspecified</pose>
		<truncated>0</truncated>
		<difficult>0</difficult>
		<bndbox>
			<xmin>26</xmin>
			<ymin>326</ymin>
			<xmax>77</xmax>
			<ymax>357</ymax>
		</bndbox>
	</object>
</annotation>