<annotation>
	<folder>beet</folder>
	<filename>IMG_20230514_155406_9.jpg</filename>
	<path>/beet/IMG_20230514_155406_9.jpg</path>
	<source>
		<database>Unspecified</database>
	</source>
	<size>
		<width>500</width>
		<height>500</height>
		<depth>3</depth>
	</size>
	<object>
		<name>beet</name>
		<pose>Unspecified</pose>
		<truncated>0</truncated>
		<difficult>0</difficult>
		<bndbox>
			<xmin>299</xmin>
			<ymin>429</ymin>
			<xmax>376</xmax>
			<ymax>489</ymax>
		</bndbox>
	</object>
	<object>
		<name>beet</name>
		<pose>Unspecified</pose>
		<truncated>0</truncated>
		<difficult>0</difficult>
		<bndbox>
			<xmin>41</xmin>
			<ymin>414</ymin>
			<xmax>81</xmax>
			<ymax>460</ymax>
		</bndbox>
	</object>
</annotation>