<annotation>
	<folder>beet</folder>
	<filename>IMG_20230514_155238_6.jpg</filename>
	<path>/beet/IMG_20230514_155238_6.jpg</path>
	<source>
		<database>Unspecified</database>
	</source>
	<size>
		<width>500</width>
		<height>500</height>
		<depth>3</depth>
	</size>
	<object>
		<name>beet</name>
		<pose>Unspecified</pose>
		<truncated>0</truncated>
		<difficult>0</difficult>
		<bndbox>
			<xmin>163</xmin>
			<ymin>442</ymin>
			<xmax>216</xmax>
			<ymax>479</ymax>
		</bndbox>
	</object>
	<object>
		<name>beet</name>
		<pose>Unspecified</pose>
		<truncated>0</truncated>
		<difficult>0</difficult>
		<bndbox>
			<xmin>356</xmin>
			<ymin>438</ymin>
			<xmax>401</xmax>
			<ymax>470</ymax>
		</bndbox>
	</object>
</annotation>