<annotation>
	<folder>beet</folder>
	<filename>IMG_20230514_155248_4.jpg</filename>
	<path>/beet/IMG_20230514_155248_4.jpg</path>
	<source>
		<database>Unspecified</database>
	</source>
	<size>
		<width>500</width>
		<height>500</height>
		<depth>3</depth>
	</size>
	<object>
		<name>beet</name>
		<pose>Unspecified</pose>
		<truncated>0</truncated>
		<difficult>0</difficult>
		<bndbox>
			<xmin>415</xmin>
			<ymin>478</ymin>
			<xmax>448</xmax>
			<ymax>500</ymax>
		</bndbox>
	</object>
</annotation>