<annotation>
	<folder>beet</folder>
	<filename>IMG_20230514_155353_9.jpg</filename>
	<path>/beet/IMG_20230514_155353_9.jpg</path>
	<source>
		<database>Unspecified</database>
	</source>
	<size>
		<width>500</width>
		<height>500</height>
		<depth>3</depth>
	</size>
	<object>
		<name>beet</name>
		<pose>Unspecified</pose>
		<truncated>0</truncated>
		<difficult>0</difficult>
		<bndbox>
			<xmin>155</xmin>
			<ymin>356</ymin>
			<xmax>244</xmax>
			<ymax>409</ymax>
		</bndbox>
	</object>
	<object>
		<name>beet</name>
		<pose>Unspecified</pose>
		<truncated>0</truncated>
		<difficult>0</difficult>
		<bndbox>
			<xmin>378</xmin>
			<ymin>356</ymin>
			<xmax>442</xmax>
			<ymax>404</ymax>
		</bndbox>
	</object>
</annotation>