<annotation>
	<folder>beet</folder>
	<filename>IMG_20230514_155315_1.jpg</filename>
	<path>/beet/IMG_20230514_155315_1.jpg</path>
	<source>
		<database>Unspecified</database>
	</source>
	<size>
		<width>500</width>
		<height>500</height>
		<depth>3</depth>
	</size>
	<object>
		<name>beet</name>
		<pose>Unspecified</pose>
		<truncated>0</truncated>
		<difficult>0</difficult>
		<bndbox>
			<xmin>170</xmin>
			<ymin>50</ymin>
			<xmax>240</xmax>
			<ymax>104</ymax>
		</bndbox>
	</object>
	<object>
		<name>beet</name>
		<pose>Unspecified</pose>
		<truncated>0</truncated>
		<difficult>0</difficult>
		<bndbox>
			<xmin>435</xmin>
			<ymin>89</ymin>
			<xmax>488</xmax>
			<ymax>113</ymax>
		</bndbox>
	</object>
</annotation>