<annotation>
	<folder>beet</folder>
	<filename>IMG_20230514_155322_0.jpg</filename>
	<path>/beet/IMG_20230514_155322_0.jpg</path>
	<source>
		<database>Unspecified</database>
	</source>
	<size>
		<width>500</width>
		<height>500</height>
		<depth>3</depth>
	</size>
	<object>
		<name>beet</name>
		<pose>Unspecified</pose>
		<truncated>0</truncated>
		<difficult>0</difficult>
		<bndbox>
			<xmin>132</xmin>
			<ymin>99</ymin>
			<xmax>194</xmax>
			<ymax>146</ymax>
		</bndbox>
	</object>
	<object>
		<name>beet</name>
		<pose>Unspecified</pose>
		<truncated>0</truncated>
		<difficult>0</difficult>
		<bndbox>
			<xmin>427</xmin>
			<ymin>91</ymin>
			<xmax>469</xmax>
			<ymax>142</ymax>
		</bndbox>
	</object>
</annotation>