<annotation>
	<folder>beet</folder>
	<filename>IMG_20230514_155303_3.jpg</filename>
	<path>/beet/IMG_20230514_155303_3.jpg</path>
	<source>
		<database>Unspecified</database>
	</source>
	<size>
		<width>500</width>
		<height>500</height>
		<depth>3</depth>
	</size>
	<object>
		<name>beet</name>
		<pose>Unspecified</pose>
		<truncated>0</truncated>
		<difficult>0</difficult>
		<bndbox>
			<xmin>179</xmin>
			<ymin>378</ymin>
			<xmax>300</xmax>
			<ymax>427</ymax>
		</bndbox>
	</object>
	<object>
		<name>beet</name>
		<pose>Unspecified</pose>
		<truncated>0</truncated>
		<difficult>0</difficult>
		<bndbox>
			<xmin>470</xmin>
			<ymin>388</ymin>
			<xmax>500</xmax>
			<ymax>421</ymax>
		</bndbox>
	</object>
</annotation>