<annotation>
	<folder>beet</folder>
	<filename>IMG_20230514_155234_9.jpg</filename>
	<path>/beet/IMG_20230514_155234_9.jpg</path>
	<source>
		<database>Unspecified</database>
	</source>
	<size>
		<width>500</width>
		<height>500</height>
		<depth>3</depth>
	</size>
	<object>
		<name>beet</name>
		<pose>Unspecified</pose>
		<truncated>0</truncated>
		<difficult>0</difficult>
		<bndbox>
			<xmin>320</xmin>
			<ymin>448</ymin>
			<xmax>367</xmax>
			<ymax>482</ymax>
		</bndbox>
	</object>
	<object>
		<name>beet</name>
		<pose>Unspecified</pose>
		<truncated>0</truncated>
		<difficult>0</difficult>
		<bndbox>
			<xmin>130</xmin>
			<ymin>441</ymin>
			<xmax>178</xmax>
			<ymax>490</ymax>
		</bndbox>
	</object>
</annotation>