<annotation>
	<folder>beet</folder>
	<filename>IMG_20230514_155227_4.jpg</filename>
	<path>/beet/IMG_20230514_155227_4.jpg</path>
	<source>
		<database>Unspecified</database>
	</source>
	<size>
		<width>500</width>
		<height>500</height>
		<depth>3</depth>
	</size>
	<object>
		<name>beet</name>
		<pose>Unspecified</pose>
		<truncated>0</truncated>
		<difficult>0</difficult>
		<bndbox>
			<xmin>62</xmin>
			<ymin>196</ymin>
			<xmax>118</xmax>
			<ymax>251</ymax>
		</bndbox>
	</object>
	<object>
		<name>beet</name>
		<pose>Unspecified</pose>
		<truncated>0</truncated>
		<difficult>0</difficult>
		<bndbox>
			<xmin>368</xmin>
			<ymin>205</ymin>
			<xmax>424</xmax>
			<ymax>253</ymax>
		</bndbox>
	</object>
</annotation>