<annotation>
	<folder>beet</folder>
	<filename>IMG_20230514_155230_6.jpg</filename>
	<path>/beet/IMG_20230514_155230_6.jpg</path>
	<source>
		<database>Unspecified</database>
	</source>
	<size>
		<width>500</width>
		<height>500</height>
		<depth>3</depth>
	</size>
	<object>
		<name>beet</name>
		<pose>Unspecified</pose>
		<truncated>0</truncated>
		<difficult>0</difficult>
		<bndbox>
			<xmin>327</xmin>
			<ymin>224</ymin>
			<xmax>373</xmax>
			<ymax>275</ymax>
		</bndbox>
	</object>
	<object>
		<name>beet</name>
		<pose>Unspecified</pose>
		<truncated>0</truncated>
		<difficult>0</difficult>
		<bndbox>
			<xmin>83</xmin>
			<ymin>233</ymin>
			<xmax>118</xmax>
			<ymax>270</ymax>
		</bndbox>
	</object>
</annotation>