<annotation>
	<folder>beet</folder>
	<filename>IMG_20230514_155221_6.jpg</filename>
	<path>/beet/IMG_20230514_155221_6.jpg</path>
	<source>
		<database>Unspecified</database>
	</source>
	<size>
		<width>500</width>
		<height>500</height>
		<depth>3</depth>
	</size>
	<object>
		<name>beet</name>
		<pose>Unspecified</pose>
		<truncated>0</truncated>
		<difficult>0</difficult>
		<bndbox>
			<xmin>288</xmin>
			<ymin>294</ymin>
			<xmax>329</xmax>
			<ymax>335</ymax>
		</bndbox>
	</object>
	<object>
		<name>beet</name>
		<pose>Unspecified</pose>
		<truncated>0</truncated>
		<difficult>0</difficult>
		<bndbox>
			<xmin>0</xmin>
			<ymin>280</ymin>
			<xmax>38</xmax>
			<ymax>333</ymax>
		</bndbox>
	</object>
</annotation>