<annotation>
	<folder>beet</folder>
	<filename>IMG_20230514_155300_10.jpg</filename>
	<path>/beet/IMG_20230514_155300_10.jpg</path>
	<source>
		<database>Unspecified</database>
	</source>
	<size>
		<width>500</width>
		<height>500</height>
		<depth>3</depth>
	</size>
	<object>
		<name>beet</name>
		<pose>Unspecified</pose>
		<truncated>0</truncated>
		<difficult>0</difficult>
		<bndbox>
			<xmin>208</xmin>
			<ymin>68</ymin>
			<xmax>274</xmax>
			<ymax>117</ymax>
		</bndbox>
	</object>
	<object>
		<name>beet</name>
		<pose>Unspecified</pose>
		<truncated>0</truncated>
		<difficult>0</difficult>
		<bndbox>
			<xmin>0</xmin>
			<ymin>75</ymin>
			<xmax>46</xmax>
			<ymax>96</ymax>
		</bndbox>
	</object>
</annotation>