<annotation>
	<folder>beet</folder>
	<filename>IMG_20230514_155356_3.jpg</filename>
	<path>/beet/IMG_20230514_155356_3.jpg</path>
	<source>
		<database>Unspecified</database>
	</source>
	<size>
		<width>500</width>
		<height>500</height>
		<depth>3</depth>
	</size>
	<object>
		<name>beet</name>
		<pose>Unspecified</pose>
		<truncated>0</truncated>
		<difficult>0</difficult>
		<bndbox>
			<xmin>284</xmin>
			<ymin>128</ymin>
			<xmax>328</xmax>
			<ymax>165</ymax>
		</bndbox>
	</object>
	<object>
		<name>beet</name>
		<pose>Unspecified</pose>
		<truncated>0</truncated>
		<difficult>0</difficult>
		<bndbox>
			<xmin>0</xmin>
			<ymin>163</ymin>
			<xmax>38</xmax>
			<ymax>222</ymax>
		</bndbox>
	</object>
</annotation>