<annotation>
	<folder>beet</folder>
	<filename>IMG_20230514_155238_2.jpg</filename>
	<path>/beet/IMG_20230514_155238_2.jpg</path>
	<source>
		<database>Unspecified</database>
	</source>
	<size>
		<width>500</width>
		<height>500</height>
		<depth>3</depth>
	</size>
	<object>
		<name>beet</name>
		<pose>Unspecified</pose>
		<truncated>0</truncated>
		<difficult>0</difficult>
		<bndbox>
			<xmin>281</xmin>
			<ymin>328</ymin>
			<xmax>327</xmax>
			<ymax>374</ymax>
		</bndbox>
	</object>
	<object>
		<name>beet</name>
		<pose>Unspecified</pose>
		<truncated>0</truncated>
		<difficult>0</difficult>
		<bndbox>
			<xmin>19</xmin>
			<ymin>344</ymin>
			<xmax>67</xmax>
			<ymax>385</ymax>
		</bndbox>
	</object>
</annotation>