<annotation>
	<folder>beet</folder>
	<filename>IMG_20230514_155331_6.jpg</filename>
	<path>/beet/IMG_20230514_155331_6.jpg</path>
	<source>
		<database>Unspecified</database>
	</source>
	<size>
		<width>500</width>
		<height>500</height>
		<depth>3</depth>
	</size>
	<object>
		<name>beet</name>
		<pose>Unspecified</pose>
		<truncated>0</truncated>
		<difficult>0</difficult>
		<bndbox>
			<xmin>354</xmin>
			<ymin>482</ymin>
			<xmax>405</xmax>
			<ymax>500</ymax>
		</bndbox>
	</object>
	<object>
		<name>beet</name>
		<pose>Unspecified</pose>
		<truncated>0</truncated>
		<difficult>0</difficult>
		<bndbox>
			<xmin>167</xmin>
			<ymin>489</ymin>
			<xmax>200</xmax>
			<ymax>500</ymax>
		</bndbox>
	</object>
</annotation>