<annotation>
	<folder>beet</folder>
	<filename>IMG_20230514_155333_0.jpg</filename>
	<path>/beet/IMG_20230514_155333_0.jpg</path>
	<source>
		<database>Unspecified</database>
	</source>
	<size>
		<width>500</width>
		<height>500</height>
		<depth>3</depth>
	</size>
	<object>
		<name>beet</name>
		<pose>Unspecified</pose>
		<truncated>0</truncated>
		<difficult>0</difficult>
		<bndbox>
			<xmin>76</xmin>
			<ymin>351</ymin>
			<xmax>199</xmax>
			<ymax>427</ymax>
		</bndbox>
	</object>
	<object>
		<name>beet</name>
		<pose>Unspecified</pose>
		<truncated>0</truncated>
		<difficult>0</difficult>
		<bndbox>
			<xmin>409</xmin>
			<ymin>383</ymin>
			<xmax>457</xmax>
			<ymax>444</ymax>
		</bndbox>
	</object>
</annotation>