<annotation>
	<folder>beet</folder>
	<filename>IMG_20230514_155356_0.jpg</filename>
	<path>/beet/IMG_20230514_155356_0.jpg</path>
	<source>
		<database>Unspecified</database>
	</source>
	<size>
		<width>500</width>
		<height>500</height>
		<depth>3</depth>
	</size>
	<object>
		<name>beet</name>
		<pose>Unspecified</pose>
		<truncated>0</truncated>
		<difficult>0</difficult>
		<bndbox>
			<xmin>327</xmin>
			<ymin>277</ymin>
			<xmax>348</xmax>
			<ymax>301</ymax>
		</bndbox>
	</object>
	<object>
		<name>beet</name>
		<pose>Unspecified</pose>
		<truncated>0</truncated>
		<difficult>0</difficult>
		<bndbox>
			<xmin>27</xmin>
			<ymin>300</ymin>
			<xmax>71</xmax>
			<ymax>325</ymax>
		</bndbox>
	</object>
</annotation>