<annotation>
	<folder>beet</folder>
	<filename>IMG_20230514_155221_8.jpg</filename>
	<path>/beet/IMG_20230514_155221_8.jpg</path>
	<source>
		<database>Unspecified</database>
	</source>
	<size>
		<width>500</width>
		<height>500</height>
		<depth>3</depth>
	</size>
	<object>
		<name>beet</name>
		<pose>Unspecified</pose>
		<truncated>0</truncated>
		<difficult>0</difficult>
		<bndbox>
			<xmin>129</xmin>
			<ymin>363</ymin>
			<xmax>224</xmax>
			<ymax>418</ymax>
		</bndbox>
	</object>
	<object>
		<name>beet</name>
		<pose>Unspecified</pose>
		<truncated>0</truncated>
		<difficult>0</difficult>
		<bndbox>
			<xmin>384</xmin>
			<ymin>376</ymin>
			<xmax>444</xmax>
			<ymax>425</ymax>
		</bndbox>
	</object>
</annotation>