<annotation>
	<folder>beet</folder>
	<filename>IMG_20230514_155225_2.jpg</filename>
	<path>/beet/IMG_20230514_155225_2.jpg</path>
	<source>
		<database>Unspecified</database>
	</source>
	<size>
		<width>500</width>
		<height>500</height>
		<depth>3</depth>
	</size>
	<object>
		<name>beet</name>
		<pose>Unspecified</pose>
		<truncated>0</truncated>
		<difficult>0</difficult>
		<bndbox>
			<xmin>85</xmin>
			<ymin>63</ymin>
			<xmax>128</xmax>
			<ymax>106</ymax>
		</bndbox>
	</object>
	<object>
		<name>beet</name>
		<pose>Unspecified</pose>
		<truncated>0</truncated>
		<difficult>0</difficult>
		<bndbox>
			<xmin>377</xmin>
			<ymin>39</ymin>
			<xmax>401</xmax>
			<ymax>89</ymax>
		</bndbox>
	</object>
</annotation>