<annotation>
	<folder>beet</folder>
	<filename>IMG_20230514_155305_7.jpg</filename>
	<path>/beet/IMG_20230514_155305_7.jpg</path>
	<source>
		<database>Unspecified</database>
	</source>
	<size>
		<width>500</width>
		<height>500</height>
		<depth>3</depth>
	</size>
	<object>
		<name>beet</name>
		<pose>Unspecified</pose>
		<truncated>0</truncated>
		<difficult>0</difficult>
		<bndbox>
			<xmin>190</xmin>
			<ymin>183</ymin>
			<xmax>255</xmax>
			<ymax>229</ymax>
		</bndbox>
	</object>
	<object>
		<name>beet</name>
		<pose>Unspecified</pose>
		<truncated>0</truncated>
		<difficult>0</difficult>
		<bndbox>
			<xmin>0</xmin>
			<ymin>194</ymin>
			<xmax>31</xmax>
			<ymax>212</ymax>
		</bndbox>
	</object>
</annotation>