<annotation>
	<folder>beet</folder>
	<filename>IMG_20230514_155419_2.jpg</filename>
	<path>/beet/IMG_20230514_155419_2.jpg</path>
	<source>
		<database>Unspecified</database>
	</source>
	<size>
		<width>500</width>
		<height>500</height>
		<depth>3</depth>
	</size>
	<object>
		<name>beet</name>
		<pose>Unspecified</pose>
		<truncated>0</truncated>
		<difficult>0</difficult>
		<bndbox>
			<xmin>176</xmin>
			<ymin>119</ymin>
			<xmax>233</xmax>
			<ymax>194</ymax>
		</bndbox>
	</object>
	<object>
		<name>beet</name>
		<pose>Unspecified</pose>
		<truncated>0</truncated>
		<difficult>0</difficult>
		<bndbox>
			<xmin>417</xmin>
			<ymin>157</ymin>
			<xmax>444</xmax>
			<ymax>177</ymax>
		</bndbox>
	</object>
</annotation>