<annotation>
	<folder>beet</folder>
	<filename>IMG_20230514_155227_7.jpg</filename>
	<path>/beet/IMG_20230514_155227_7.jpg</path>
	<source>
		<database>Unspecified</database>
	</source>
	<size>
		<width>500</width>
		<height>500</height>
		<depth>3</depth>
	</size>
	<object>
		<name>beet</name>
		<pose>Unspecified</pose>
		<truncated>0</truncated>
		<difficult>0</difficult>
		<bndbox>
			<xmin>428</xmin>
			<ymin>207</ymin>
			<xmax>463</xmax>
			<ymax>265</ymax>
		</bndbox>
	</object>
	<object>
		<name>beet</name>
		<pose>Unspecified</pose>
		<truncated>0</truncated>
		<difficult>0</difficult>
		<bndbox>
			<xmin>167</xmin>
			<ymin>208</ymin>
			<xmax>203</xmax>
			<ymax>245</ymax>
		</bndbox>
	</object>
</annotation>